Position,Const,Created,Modified,Description,Name,Known For,Birth Date
1,nm0000093,2024-01-08,2024-03-08,"187032 points","Brad Pitt","Fight Club","18 декабря 1963 г."
2,nm0000151,2024-01-08,2024-06-12,"185760 points","Morgan Freeman","Driving Miss Daisy","1 июня 1937 г."
3,nm0000138,2024-01-08,2024-03-09,"172026 points","Leonardo DiCaprio","Inception","11 ноября 1974 г."
4,nm0000354,2024-01-08,2024-03-09,"155332 points","Matt Damon","Good Will Hunting","8 октября 1970 г."
5,nm0000134,2024-01-08,2024-03-09,"155272 points","Robert De Niro","Cape Fear","17 августа 1943 г."
6,nm0000323,2024-01-08,2024-01-08,"144652 points","Michael Caine","The Dark Knight","14 марта 1933 г."
7,nm0000288,2024-01-08,2024-02-21,"135083 points","Christian Bale","The Dark Knight","30 января 1974 г."
8,nm0000158,2024-01-08,2024-04-25,"126006 points","Tom Hanks","Cast Away","9 июля 1956 г."
9,nm0000198,2024-01-08,2024-01-08,"115227 points","Gary Oldman","The Dark Knight","21 марта 1958 г."
10,nm0000246,2024-01-08,2024-06-16,"111799 points","Bruce Willis","Die Hard","19 марта 1955 г."
11,nm0000199,2024-01-08,2024-01-08,"108544 points","Al Pacino","Serpico","25 апреля 1940 г."
12,nm0001570,2024-01-08,2024-04-25,"100358 points","Edward Norton","Fight Club","18 августа 1969 г."
13,nm0614165,2024-01-08,2024-04-24,"94252 points","Cillian Murphy","28 Days Later...","25 мая 1976 г."
14,nm0000129,2024-01-08,2024-06-12,"92005 points","Tom Cruise","Top Gun","3 июля 1962 г."
15,nm0000136,2024-01-08,2024-01-08,"91469 points","Johnny Depp","Pirates of the Caribbean: The Curse of the Black Pearl","9 июня 1963 г."
16,nm0000148,2024-01-08,2024-03-20,"88982 points","Harrison Ford","Raiders of the Lost Ark","13 июля 1942 г."
17,nm0000168,2024-01-08,2024-01-08,"85057 points","Samuel L. Jackson","Pulp Fiction","21 декабря 1948 г."
18,nm0000450,2024-01-08,2024-04-07,"81086 points","Philip Seymour Hoffman","The Master","23 июля 1967 г."
19,nm0000228,2024-01-08,2024-06-23,"80112 points","Kevin Spacey","L.A. Confidential","26 июля 1959 г."
20,nm0000146,2024-01-08,2024-01-08,"77799 points","Ralph Fiennes","The Constant Gardener","22 декабря 1962 г."
21,nm0000553,2024-01-08,2024-05-24,"76221 points","Liam Neeson","Kinsey","7 июня 1952 г."
22,nm0362766,2024-01-08,2024-01-09,"75713 points","Tom Hardy","Inception","15 сентября 1977 г."
23,nm0000437,2024-01-08,2024-02-13,"74294 points","Woody Harrelson","True Detective","23 июля 1961 г."
24,nm0000197,2024-01-08,2024-01-08,"73883 points","Jack Nicholson","Chinatown","22 апреля 1937 г."
25,nm0331516,2024-01-08,2024-04-27,"73115 points","Ryan Gosling","Blue Valentine","12 ноября 1980 г."
26,nm0000380,2024-01-08,2024-01-23,"70516 points","Robert Duvall","The Apostle","5 января 1931 г."
27,nm0330687,2024-01-08,2024-01-08,"70398 points","Joseph Gordon-Levitt","Inception","17 февраля 1981 г."
28,nm0000114,2024-01-08,2024-07-01,"70378 points","Steve Buscemi","Fargo","13 декабря 1957 г."
29,nm0350453,2024-01-08,2024-06-29,"69338 points","Jake Gyllenhaal","Nightcrawler","19 декабря 1980 г."
30,nm0000353,2024-01-08,2024-04-25,"69127 points","Willem Dafoe","Spider-Man","22 июля 1955 г."
31,nm0000172,2024-01-08,2024-01-08,"67539 points","Harvey Keitel","Reservoir Dogs","13 мая 1939 г."
32,nm0000128,2024-01-08,2024-01-08,"67096 points","Russell Crowe","Les Misérables","7 апреля 1964 г."
33,nm0177896,2024-01-08,2024-03-10,"65640 points","Bradley Cooper","A Star Is Born","5 января 1975 г."
34,nm0000243,2024-01-08,2024-04-27,"64987 points","Denzel Washington","Fences","28 декабря 1954 г."
35,nm0749263,2024-01-08,2024-03-11,"63186 points","Mark Ruffalo","Spotlight","22 ноября 1967 г."
36,nm0000123,2024-01-08,2024-01-08,"63095 points","George Clooney","The Ides of March","6 мая 1961 г."
37,nm1055413,2024-01-08,2024-07-03,"62052 points","Michael Fassbender","Shame","2 апреля 1977 г."
38,nm0000661,2024-01-08,2024-06-23,"59835 points","Donald Sutherland","The Hunger Games: Catching Fire","17 июля 1935 г."
39,nm0000190,2024-01-08,2024-05-07,"59745 points","Matthew McConaughey","Interstellar","4 ноября 1969 г."
40,nm0929489,2024-01-08,2024-01-08,"58190 points","Tom Wilkinson","Michael Clayton","5 февраля 1948 г."
41,nm0915989,2024-01-08,2024-01-08,"57041 points","Hugo Weaving","The Lord of the Rings: The Return of the King","4 апреля 1960 г."
42,nm0000142,2024-01-08,2024-03-13,"56004 points","Clint Eastwood","Million Dollar Baby","31 мая 1930 г."
43,nm0000209,2024-01-08,2024-01-08,"55840 points","Tim Robbins","Mystic River","16 октября 1958 г."
44,nm0000179,2024-01-08,2024-01-08,"55794 points","Jude Law","The Talented Mr. Ripley","29 декабря 1972 г."
45,nm0001618,2024-01-08,2024-01-08,"55471 points","Joaquin Phoenix","Walk the Line","28 октября 1974 г."
46,nm0000255,2024-01-08,2024-01-08,"55081 points","Ben Affleck","Argo","15 августа 1972 г."
47,nm0000729,2024-01-08,2024-01-08,"54670 points","Casey Affleck","Manchester by the Sea","12 августа 1975 г."
48,nm0000206,2024-01-08,2024-04-22,"54213 points","Keanu Reeves","The Matrix","2 сентября 1964 г."
49,nm0000438,2024-01-08,2024-01-08,"52899 points","Ed Harris","Appaloosa","28 ноября 1950 г."
50,nm0000457,2024-01-08,2024-01-08,"52692 points","John Hurt","Nineteen Eighty-Four","22 января 1940 г."
51,nm0000226,2024-01-08,2024-05-28,"52632 points","Will Smith","The Fresh Prince of Bel-Air","25 сентября 1968 г."
52,nm0316079,2024-01-08,2024-03-23,"51854 points","Paul Giamatti","Sideways","6 июня 1967 г."
53,nm0002253,2024-01-08,2024-01-08,"51803 points","John Carroll Lynch","The Founder","1 августа 1963 г."
54,nm0185819,2024-01-08,2024-01-09,"51799 points","Daniel Craig","Casino Royale","2 марта 1968 г."
55,nm0001602,2024-01-08,2024-01-08,"51649 points","Guy Pearce","Memento","5 октября 1967 г."
56,nm0000285,2024-01-08,2024-01-08,"51550 points","Alec Baldwin","The Departed","3 апреля 1958 г."
57,nm0000614,2024-01-08,2024-01-08,"51468 points","Alan Rickman","Die Hard","21 февраля 1946 г."
58,nm0001426,2024-01-08,2024-01-08,"51423 points","Ben Kingsley","Sexy Beast","31 декабря 1943 г."
59,nm0252230,2024-01-08,2024-01-08,"50875 points","Chiwetel Ejiofor","12 Years a Slave","10 июля 1977 г."
60,nm0000195,2024-01-08,2024-01-27,"50126 points","Bill Murray","Lost in Translation","21 сентября 1950 г."
61,nm0000160,2024-01-08,2024-03-10,"49812 points","Ethan Hawke","Training Day","6 ноября 1970 г."
62,nm0004937,2024-01-08,2024-06-23,"49465 points","Jamie Foxx","Collateral","13 декабря 1967 г."
63,nm0268199,2024-01-08,2024-06-23,"49131 points","Colin Farrell","The Lobster","31 мая 1976 г."
64,nm0001467,2024-01-08,2024-01-08,"49087 points","Jared Leto","Dallas Buyers Club","26 декабря 1971 г."
65,nm0001030,2024-01-08,2024-01-08,"49039 points","John Cazale","Dog Day Afternoon","12 августа 1935 г."
66,nm0001608,2024-01-08,2024-01-08,"48983 points","Barry Pepper","'Saving Private Ryan': Boot Camp","4 апреля 1970 г."
67,nm0005132,2024-01-08,2024-01-08,"48443 points","Heath Ledger","Brokeback Mountain","4 апреля 1979 г."
68,nm0000242,2024-01-08,2024-01-08,"48139 points","Mark Wahlberg","The Fighter","5 июня 1971 г."
69,nm0001745,2024-01-08,2024-05-31,"47866 points","Stellan Skarsgård","Good Will Hunting","13 июня"
70,nm0000164,2024-01-08,2024-07-01,"47839 points","Anthony Hopkins","The Silence of the Lambs","31 декабря 1937 г."
71,nm0005377,2024-01-08,2024-02-06,"47221 points","Sam Rockwell","Moon","5 ноября 1968 г."
72,nm0413168,2024-01-08,2024-06-04,"47107 points","Hugh Jackman","Les Misérables","12 октября 1968 г."
73,nm0001804,2024-01-08,2024-01-08,"46579 points","Stanley Tucci","Big Night","11 ноября 1960 г."
74,nm0000401,2024-01-08,2024-01-08,"46571 points","Laurence Fishburne","The Matrix","30 июля 1961 г."
75,nm0000375,2024-01-08,2024-05-06,"46199 points","Robert Downey Jr.","Iron Man","4 апреля 1965 г."
76,nm0910607,2024-01-08,2024-01-08,"45674 points","Christoph Waltz","Django Unchained","4 октября 1956 г."
77,nm0000982,2024-01-08,2024-06-19,"45539 points","Josh Brolin","Avengers: Endgame","12 февраля 1968 г."
78,nm0000163,2024-01-08,2024-01-08,"44975 points","Dustin Hoffman","Tootsie","8 августа 1937 г."
79,nm0000619,2024-01-08,2024-01-08,"44850 points","Tim Roth","Rob Roy","14 мая 1961 г."
80,nm0000453,2024-01-08,2024-01-08,"44814 points","Ian Holm","The Lord of the Rings: The Return of the King","12 сентября 1931 г."
81,nm0001691,2024-01-08,2024-01-08,"44808 points","Geoffrey Rush","The King's Speech","6 июля 1951 г."
82,nm0000640,2024-01-08,2024-01-08,"44434 points","Martin Sheen","The Departed","3 августа 1940 г."
83,nm0322407,2024-01-08,2024-01-08,"44393 points","Brendan Gleeson","Calvary","29 марта 1955 г."
84,nm0000191,2024-01-08,2024-07-01,"44161 points","Ewan McGregor","Moulin Rouge!","31 марта 1971 г."
85,nm0000422,2024-01-08,2024-03-04,"44103 points","John Goodman","10 Cloverfield Lane","20 июня 1952 г."
86,nm0089217,2024-01-08,2024-01-08,"44041 points","Orlando Bloom","The Lord of the Rings: The Fellowship of the Ring","13 января 1977 г."
87,nm0000514,2024-01-08,2024-01-08,"43787 points","Michael Madsen","Reservoir Dogs","25 сентября 1957 г."
88,nm0913822,2024-01-08,2024-01-08,"43522 points","Ken Watanabe","The Last Samurai","21 октября 1959 г."
89,nm0000592,2024-01-08,2024-01-08,"43278 points","Pete Postlethwaite","The Usual Suspects","7 февраля 1946 г."
90,nm0001626,2024-01-08,2024-01-08,"43194 points","Christopher Plummer","Beginners","13 декабря 1929 г."
91,nm0000849,2024-01-08,2024-01-08,"43184 points","Javier Bardem","Skyfall","1 марта 1969 г."
92,nm0788335,2024-01-08,2024-03-08,"42052 points","Michael Shannon","Take Shelter","7 августа 1974 г."
93,nm0001125,2024-01-08,2024-03-09,"42037 points","Benicio Del Toro","Sicario","19 февраля 1967 г."
94,nm0001845,2024-01-08,2024-04-22,"41677 points","Forest Whitaker","The Last King of Scotland","15 июля 1961 г."
95,nm0000362,2024-01-08,2024-07-01,"41517 points","Danny DeVito","Matilda","17 ноября 1944 г."
96,nm0000582,2024-01-08,2024-01-08,"41464 points","Joe Pesci","Goodfellas","9 февраля 1943 г."
97,nm0005562,2024-01-08,2024-01-27,"41271 points","Owen Wilson","The Royal Tenenbaums","18 ноября 1968 г."
98,nm0004778,2024-01-08,2024-04-25,"40950 points","Adrien Brody","The Pianist","14 апреля 1973 г."
99,nm0117709,2024-01-08,2024-01-08,"40443 points","Daniel Brühl","Rush","16 июня 1978 г."
100,nm0000237,2024-01-08,2024-01-08,"39763 points","John Travolta","Pulp Fiction","18 февраля 1954 г."
101,nm0001884,2024-01-08,2024-01-08,"39750 points","Max von Sydow","Flash Gordon","10 апреля 1929 г."
102,nm0000245,2024-01-08,2024-04-07,"39698 points","Robin Williams","Mrs. Doubtfire","21 июля 1951 г."
103,nm0000502,2024-01-08,2024-01-08,"39683 points","Christopher Lloyd","Back to the Future","22 октября 1938 г."
104,nm0000147,2024-01-08,2024-05-31,"39681 points","Colin Firth","A Single Man","10 сентября 1960 г."
105,nm0719637,2024-01-08,2024-01-08,"39579 points","Jeremy Renner","The Hurt Locker","7 января 1971 г."
106,nm1212722,2024-01-08,2024-01-08,"39545 points","Benedict Cumberbatch","The Imitation Game","19 июля 1976 г."
107,nm0200452,2024-01-08,2024-04-21,"39078 points","Paul Dano","There Will Be Blood","19 июня 1984 г."
108,nm0001765,2024-01-08,2024-06-16,"38838 points","Harry Dean Stanton","Lucky","14 июля 1926 г."
109,nm0151419,2024-01-08,2024-04-12,"38467 points","Kyle Chandler","Argo","17 сентября 1965 г."
110,nm0932112,2024-01-08,2024-01-08,"37963 points","Mykelti Williamson","Forrest Gump","4 марта 1957 г."
111,nm0000332,2024-01-08,2024-01-08,"37948 points","Don Cheadle","Crash","29 ноября 1964 г."
112,nm0000008,2024-01-08,2024-01-08,"37869 points","Marlon Brando","Apocalypse Now","3 апреля 1924 г."
113,nm0001136,2024-01-08,2024-01-08,"37754 points","Bruce Dern","Nebraska","4 июня 1936 г."
114,nm0001173,2024-01-08,2024-01-08,"37135 points","Aaron Eckhart","The Dark Knight","12 марта 1968 г."
115,nm0991810,2024-01-08,2024-03-10,"36762 points","Mahershala Ali","Leave the World Behind","16 февраля 1974 г."
116,nm0000115,2024-01-08,2024-03-26,"36134 points","Nicolas Cage","Face/Off","7 января 1964 г."
117,nm0000110,2024-01-08,2024-03-09,"35620 points","Kenneth Branagh","Henry V","10 декабря 1960 г."
118,nm0000686,2024-01-08,2024-06-03,"35531 points","Christopher Walken","The Deer Hunter","31 марта 1943 г."
119,nm0001321,2024-01-08,2024-01-08,"35510 points","Richard Harris","Gladiator","1 октября 1930 г."
120,nm0302108,2024-01-08,2024-01-08,"35406 points","Zach Galifianakis","The Hangover","1 октября 1969 г."
121,nm1706767,2024-01-08,2024-01-08,"35142 points","Jonah Hill","21 Jump Street","20 декабря 1983 г."
122,nm0000120,2024-01-08,2024-01-08,"35008 points","Jim Carrey","Ace Ventura: Pet Detective","17 января 1962 г."
123,nm0001744,2024-01-08,2024-01-08,"34838 points","Tom Sizemore","Saving Private Ryan","29 ноября 1961 г."
124,nm0000424,2024-01-08,2024-01-08,"34507 points","Hugh Grant","Love Actually","9 сентября 1960 г."
125,nm0942482,2024-01-08,2024-04-25,"34228 points","Jeffrey Wright","The French Dispatch of the Liberty, Kansas Evening Sun","7 декабря 1965 г."
126,nm0000609,2024-01-08,2024-01-08,"34214 points","Ving Rhames","Pulp Fiction","12 мая 1959 г."
127,nm1727304,2024-01-08,2024-01-08,"34205 points","Domhnall Gleeson","Ex Machina","12 мая 1983 г."
128,nm0001285,2024-01-08,2024-01-08,"34116 points","Elliott Gould","MASH","29 августа 1938 г."
129,nm0136797,2024-01-08,2024-04-25,"33924 points","Steve Carell","The Office","16 августа 1962 г."
130,nm0000156,2024-01-08,2024-05-28,"33868 points","Jeff Goldblum","Jurassic Park","22 октября 1952 г."
131,nm0000125,2024-01-08,2024-01-08,"33663 points","Sean Connery","The Rock","25 августа 1930 г."
132,nm0000604,2024-01-08,2024-01-08,"33279 points","John C. Reilly","Chicago","24 мая 1965 г."
133,nm0799777,2024-01-08,2024-03-08,"33062 points","J.K. Simmons","Whiplash","9 января 1955 г."
134,nm0001758,2024-01-08,2024-01-08,"32883 points","Timothy Spall","Mr. Turner","27 февраля 1957 г."
135,nm0000596,2024-01-08,2024-01-08,"32827 points","Jonathan Pryce","The Two Popes","1 июня 1947 г."
136,nm0836121,2024-01-08,2024-02-05,"32707 points","Michael Stuhlbarg","A Serious Man","5 июля 1968 г."
137,nm0000576,2024-01-08,2024-02-11,"32578 points","Sean Penn","Mystic River","17 августа 1960 г."
138,nm0000102,2024-01-08,2024-03-10,"32360 points","Kevin Bacon","Footloose","8 июля 1958 г."
139,nm1242688,2024-01-08,2024-01-08,"32217 points","Josh Hutcherson","The Hunger Games","12 октября 1992 г."
140,nm0001215,2024-01-08,2024-07-01,"32027 points","Albert Finney","Murder on the Orient Express","9 мая 1936 г."
141,nm0001475,2024-01-08,2024-03-09,"31956 points","John Lithgow","The World According to Garp","19 октября 1945 г."
142,nm0001557,2024-01-08,2024-01-28,"31771 points","Viggo Mortensen","The Lord of the Rings: The Return of the King","20 октября 1958 г."
143,nm0000169,2024-01-08,2024-01-08,"31662 points","Tommy Lee Jones","The Fugitive","15 сентября 1946 г."
144,nm0000513,2024-01-08,2024-01-08,"31540 points","William H. Macy","Fargo","13 марта 1950 г."
145,nm0000657,2024-01-08,2024-03-06,"31195 points","David Strathairn","Good Night, and Good Luck.","26 января 1949 г."
146,nm0000434,2024-01-08,2024-01-08,"31054 points","Mark Hamill","Star Wars","25 сентября"
147,nm0000606,2024-01-08,2024-01-08,"30707 points","Jean Reno","Léon","30 июля 1948 г."
148,nm2955013,2024-01-08,2024-01-08,"30704 points","Liam Hemsworth","The Hunger Games","13 января 1990 г."
149,nm0000546,2024-01-08,2024-01-08,"30683 points","Matthew Modine","Full Metal Jacket","22 марта 1959 г."
150,nm0000685,2024-01-08,2024-04-18,"30661 points","Jon Voight","Midnight Cowboy","29 декабря 1938 г."
151,nm0000154,2024-01-08,2024-02-11,"30571 points","Mel Gibson","Braveheart","3 января 1956 г."
152,nm0000641,2024-01-08,2024-01-08,"30471 points","Gary Sinise","Forrest Gump","17 марта 1955 г."
153,nm0000501,2024-01-08,2024-01-08,"30325 points","Ray Liotta","Narc","18 декабря 1954 г."
154,nm0164809,2024-01-08,2024-04-12,"30311 points","Jason Clarke","Zero Dark Thirty","17 июля 1969 г."
155,nm0001330,2024-01-08,2024-01-08,"30256 points","Sterling Hayden","Dr. Strangelove or: How I Learned to Stop Worrying and Love the Bomb","26 марта 1916 г."
156,nm1209966,2024-01-08,2024-01-08,"29950 points","Oscar Isaac","Ex Machina","9 марта 1979 г."
157,nm0626259,2024-01-08,2024-01-08,"29732 points","Franco Nero","John Wick: Chapter 2","23 ноября 1941 г."
158,nm0654648,2024-01-08,2024-01-08,"29673 points","David Oyelowo","Lawmen: Bass Reeves","1 апреля 1976 г."
159,nm0000704,2024-01-08,2024-03-18,"29446 points","Elijah Wood","The Lord of the Rings: The Fellowship of the Ring","28 января 1981 г."
160,nm0000467,2024-01-08,2024-01-08,"29409 points","Don Johnson","Miami Vice","15 декабря 1949 г."
161,nm0924210,2024-01-08,2024-01-08,"29255 points","Ben Whishaw","Skyfall","14 октября 1980 г."
162,nm0000092,2024-01-08,2024-01-08,"29135 points","John Cleese","A Fish Called Wanda","27 октября 1939 г."
163,nm0000518,2024-01-08,2024-03-11,"29017 points","John Malkovich","Being John Malkovich","9 декабря 1953 г."
164,nm0000610,2024-01-08,2024-01-08,"28981 points","Giovanni Ribisi","Boiler Room","17 декабря 1974 г."
165,nm0000474,2024-01-08,2024-01-08,"28981 points","Michael Keaton","Birdman or (The Unexpected Virtue of Ignorance)","5 сентября 1951 г."
166,nm0001099,2024-01-08,2024-03-13,"28768 points","Jeff Daniels","The Squid and the Whale","19 февраля 1955 г."
167,nm3154303,2024-01-08,2024-01-27,"28332 points","Timothée Chalamet","Call Me by Your Name","27 декабря 1995 г."
168,nm0000297,2024-01-08,2024-01-08,"28323 points","Tom Berenger","Platoon","31 мая 1949 г."
169,nm0000671,2024-01-08,2024-01-08,"28048 points","Billy Bob Thornton","Sling Blade","4 августа 1955 г."
170,nm0001731,2024-01-08,2024-01-08,"27928 points","Sam Shepard","August: Osage County","5 ноября 1943 г."
171,nm0005458,2024-01-08,2024-01-08,"27559 points","Jason Statham","Crank","26 июля 1967 г."
172,nm0000150,2024-01-08,2024-01-08,"27299 points","Michael J. Fox","Back to the Future","9 июня 1961 г."
173,nm0001001,2024-01-08,2024-01-08,"27206 points","James Caan","Thief","26 марта 1940 г."
174,nm0000200,2024-01-08,2024-05-07,"27181 points","Bill Paxton","Aliens","17 мая 1955 г."
175,nm0000284,2024-01-08,2024-05-28,"27172 points","Adam Baldwin","Serenity","27 февраля 1962 г."
176,nm0790688,2024-01-08,2024-01-08,"27016 points","Michael Sheen","Masters of Sex","5 февраля 1969 г."
177,nm0000432,2024-01-08,2024-01-08,"26905 points","Gene Hackman","The French Connection","30 января 1930 г."
178,nm1165110,2024-01-08,2024-01-08,"26765 points","Chris Hemsworth","Snow White and the Huntsman","11 августа 1983 г."
179,nm0000621,2024-01-08,2024-01-14,"26709 points","Kurt Russell","Escape from New York","17 марта 1951 г."
180,nm0000273,2024-01-08,2024-01-08,"26631 points","Alan Arkin","Argo","26 марта 1934 г."
181,nm0000313,2024-01-08,2024-01-08,"26440 points","Jeff Bridges","The Big Lebowski","4 декабря 1949 г."
182,nm0000442,2024-01-08,2024-01-08,"26047 points","Rutger Hauer","Hobo with a Shotgun","23 января 1944 г."
183,nm0000174,2024-01-08,2024-06-03,"25936 points","Val Kilmer","The Doors","31 декабря 1959 г."
184,nm0736622,2024-01-08,2024-01-08,"25920 points","Seth Rogen","This Is the End","15 апреля 1982 г."
185,nm0075321,2024-01-08,2024-01-08,"25155 points","Christian Berkel","Valkyrie","28 октября 1957 г."
186,nm0000458,2024-01-08,2024-02-27,"25005 points","William Hurt","A History of Violence","20 марта 1950 г."
187,nm0370035,2024-01-08,2024-01-08,"24882 points","John Hawkes","The Sessions","11 сентября 1959 г."
188,nm0000071,2024-01-08,2024-01-08,"24039 points","James Stewart","Anatomy of a Murder","20 мая 1908 г."
189,nm1500155,2024-01-08,2024-01-08,"24026 points","Robert Pattinson","Twilight","13 мая 1986 г."
190,nm0000412,2024-01-08,2024-01-08,"23997 points","Andy Garcia","Ocean's Eleven","12 апреля 1956 г."
191,nm0001993,2024-01-08,2024-01-08,"23947 points","Vincent Cassel","Black Swan","23 ноября 1966 г."
192,nm1886602,2024-01-08,2024-01-08,"23593 points","Miles Teller","Whiplash","20 февраля 1987 г."
193,nm0000126,2024-01-08,2024-01-08,"23554 points","Kevin Costner","The Postman","18 января 1955 г."
194,nm0670408,2024-01-08,2024-01-08,"23458 points","Simon Pegg","Shaun of the Dead","14 февраля 1970 г."
195,nm0654110,2024-01-08,2024-01-08,"23401 points","Clive Owen","Children of Men","3 октября 1964 г."
196,nm0005024,2024-01-08,2024-01-08,"23363 points","Terrence Howard","Crash","11 марта 1969 г."
197,nm0000460,2024-01-08,2024-05-12,"23257 points","Jeremy Irons","Dead Ringers","19 сентября 1948 г."
198,nm0386472,2024-01-08,2024-06-16,"23186 points","Emile Hirsch","Into the Wild","13 марта 1985 г."
199,nm0924154,2024-01-08,2024-04-12,"22940 points","Shea Whigham","Take Shelter","5 января 1969 г."
200,nm0420955,2024-01-08,2024-03-06,"22898 points","Richard Jenkins","The Shape of Water","4 мая 1947 г."
201,nm0000732,2024-01-08,2024-01-08,"22887 points","Danny Aiello","Do the Right Thing","20 июня 1933 г."
202,nm0000980,2024-01-08,2024-01-08,"22675 points","Jim Broadbent","Moulin Rouge!","24 мая 1949 г."
203,nm0249291,2024-01-08,2024-01-28,"22664 points","Joel Edgerton","The Gift","23 июня 1974 г."
204,nm0479471,2024-01-08,2024-05-05,"22433 points","Shia LaBeouf","Honey Boy","11 июня 1986 г."
205,nm0586568,2024-01-08,2024-01-08,"22399 points","Mads Mikkelsen","Hannibal","22 ноября 1965 г."
206,nm0023832,2024-01-08,2024-01-27,"22386 points","Mathieu Amalric","Le scaphandre et le papillon","25 октября 1965 г."
207,nm0396812,2024-01-08,2024-01-08,"22356 points","Danny Huston","The Constant Gardener","14 мая 1962 г."
208,nm0000027,2024-01-08,2024-01-08,"22331 points","Alec Guinness","Star Wars","2 апреля 1914 г."
209,nm0001082,2024-01-08,2024-07-01,"22282 points","Billy Crudup","Almost Famous","8 июля 1968 г."
210,nm0005286,2024-01-08,2024-03-11,"22226 points","Haley Joel Osment","The Sixth Sense","10 апреля 1988 г."
211,nm0186505,2024-01-08,2024-04-25,"22177 points","Bryan Cranston","Breaking Bad","7 марта 1956 г."
212,nm0000321,2024-01-08,2024-01-08,"21904 points","Gabriel Byrne","The Usual Suspects","12 мая 1950 г."
213,nm0001806,2024-01-08,2024-01-08,"21744 points","John Turturro","Fading Gigolo","28 февраля 1957 г."
214,nm0002017,2024-01-08,2024-01-08,"21725 points","Richard Conte","The Godfather","24 марта 1910 г."
215,nm0000560,2024-01-08,2024-01-08,"21640 points","Nick Nolte","Warrior","8 февраля 1941 г."
216,nm0290556,2024-01-08,2024-01-08,"21539 points","James Franco","Spring Breakers","19 апреля 1978 г."
217,nm0000358,2024-01-08,2024-01-08,"21409 points","Daniel Day-Lewis","There Will Be Blood","29 апреля 1957 г."
218,nm0638824,2024-01-08,2024-01-08,"21157 points","Michael Nyqvist","Mission: Impossible - Ghost Protocol","8 ноября 1960 г."
219,nm0262635,2024-01-08,2024-03-03,"21045 points","Chris Evans","The Avengers","13 июня 1981 г."
220,nm0001016,2024-01-08,2024-01-08,"20987 points","David Carradine","Kill Bill: Vol. 2","8 декабря 1936 г."
221,nm0001358,2024-01-08,2024-01-08,"20920 points","Hal Holbrook","Into the Wild","17 февраля 1925 г."
222,nm0000597,2024-01-08,2024-05-28,"20891 points","Bill Pullman","Independence Day","17 декабря 1953 г."
223,nm0765597,2024-01-08,2024-02-08,"20829 points","Peter Sarsgaard","Shattered Glass","7 марта 1971 г."
224,nm0564215,2024-01-08,2024-01-08,"20599 points","James McAvoy","Filth","21 апреля 1979 г."
225,nm0705356,2024-01-08,2024-01-08,"20483 points","Daniel Radcliffe","Harry Potter and the Order of the Phoenix","23 июля 1989 г."
226,nm0342488,2024-01-08,2024-01-08,"20483 points","Rupert Grint","Harry Potter and the Sorcerer's Stone","24 августа 1988 г."
227,nm0753314,2024-01-08,2024-03-11,"20480 points","Mark Rylance","Bridge of Spies","18 января 1960 г."
228,nm0941777,2024-01-08,2024-01-08,"20421 points","Sam Worthington","Avatar","2 августа 1976 г."
229,nm0001774,2024-01-08,2024-01-08,"20274 points","Ben Stiller","Tropic Thunder","30 ноября 1965 г."
230,nm0000489,2024-01-08,2024-01-08,"20247 points","Christopher Lee","Star Wars: Episode II - Attack of the Clones","27 мая 1922 г."
231,nm0000630,2024-01-08,2024-04-25,"20077 points","Liev Schreiber","Spotlight","4 октября 1967 г."
232,nm0051509,2024-01-08,2024-01-08,"20074 points","Eric Bana","Dirty John","9 августа 1968 г."
233,nm0470981,2024-01-08,2024-01-08,"19780 points","Thomas Kretschmann","King Kong","8 сентября 1962 г."
234,nm0333410,2024-01-08,2024-01-08,"19649 points","Topher Grace","In Good Company","12 июля 1978 г."
235,nm0001792,2024-01-08,2024-01-08,"19548 points","Rod Taylor","Inglourious Basterds","11 января 1930 г."
236,nm0182666,2024-01-08,2024-06-12,"19519 points","Nikolaj Coster-Waldau","Game of Thrones","27 июля 1970 г."
237,nm0000140,2024-01-08,2024-05-06,"19420 points","Michael Douglas","Wall Street","25 сентября 1944 г."
238,nm0241121,2024-01-08,2024-01-08,"19310 points","Jean Dujardin","The Artist","19 июня 1972 г."
239,nm0005212,2024-01-08,2024-01-08,"19298 points","Ian McKellen","The Lord of the Rings: The Fellowship of the Ring","25 мая 1939 г."
240,nm0001497,2024-01-08,2024-05-06,"19278 points","Tobey Maguire","Brothers","27 июня 1975 г."
241,nm0526019,2024-01-08,2024-01-08,"19188 points","Diego Luna","Rogue One","29 декабря 1979 г."
242,nm0225944,2024-01-08,2024-02-24,"19133 points","August Diehl","Inglourious Basterds","4 января 1976 г."
243,nm0695435,2024-01-08,2024-01-08,"19075 points","Chris Pratt","Guardians of the Galaxy","21 июня 1979 г."
244,nm0058581,2024-01-08,2024-01-08,"18960 points","Justin Bartha","National Treasure","21 июля 1978 г."
245,nm0908919,2024-01-08,2024-01-08,"18206 points","Eli Wallach","Il buono, il brutto, il cattivo","7 декабря 1915 г."
246,nm0376101,2024-01-08,2024-01-08,"18120 points","David Hemmings","Blow-Up","18 ноября 1941 г."
247,nm0000112,2024-01-08,2024-01-08,"17880 points","Pierce Brosnan","The World Is Not Enough","16 мая 1953 г."
248,nm0001291,2024-01-08,2024-01-08,"17562 points","Rupert Graves","Sherlock","30 июня 1963 г."
249,nm0159802,2024-01-08,2024-01-08,"17550 points","Jesper Christensen","Quantum of Solace","16 мая 1948 г."
250,nm0000299,2024-01-08,2024-01-08,"17532 points","Michael Biehn","Aliens","31 июля 1956 г."
251,nm0000230,2024-01-08,2024-01-08,"17255 points","Sylvester Stallone","Rocky","6 июля 1946 г."
252,nm0000719,2024-01-08,2024-01-08,"17239 points","F. Murray Abraham","The Grand Budapest Hotel","24 октября 1939 г."
253,nm0002011,2024-01-08,2024-01-08,"17199 points","Lee J. Cobb","12 Angry Men","8 декабря 1911 г."
254,nm0744834,2024-01-08,2024-01-08,"17103 points","Eli Roth","Thanksgiving","18 апреля"
255,nm0001709,2024-01-08,2024-01-08,"17103 points","Til Schweiger","Inglourious Basterds","19 декабря 1963 г."
256,nm0503567,2024-01-08,2024-03-08,"17060 points","Logan Lerman","The Perks of Being a Wallflower","19 января 1992 г."
257,nm0000020,2024-01-08,2024-01-08,"16981 points","Henry Fonda","12 Angry Men","16 мая 1905 г."
258,nm2356421,2024-01-08,2024-01-08,"17103 points","Alexander Fehling","Inglourious Basterds","29 марта 1981 г."
259,nm1519666,2024-01-08,2024-01-08,"16970 points","Eddie Redmayne","Les Misérables","6 января 1982 г."
260,nm0000547,2024-01-08,2024-01-08,"16697 points","Alfred Molina","Spider-Man 2","24 мая 1953 г."
261,nm0814280,2024-01-08,2024-04-23,"16694 points","Song Kang-ho","Salinui chueok","17 января 1967 г."
262,nm0000667,2024-01-08,2024-01-08,"16690 points","David Thewlis","Naked","20 марта 1963 г."
263,nm0000249,2024-01-08,2024-01-08,"16511 points","James Woods","Vampires","18 апреля 1947 г."
264,nm0000643,2024-01-08,2024-01-08,"16342 points","Tom Skerritt","Alien","25 августа 1933 г."
265,nm0000421,2024-01-08,2024-01-08,"16342 points","Cuba Gooding Jr.","Jerry Maguire","2 января 1968 г."
266,nm0462407,2024-01-08,2024-01-08,"16208 points","Sebastian Koch","Das Leben der Anderen","31 мая 1962 г."
267,nm3485845,2024-01-08,2024-01-08,"16191 points","Adam Driver","Star Wars: Episode VII - The Force Awakens","19 ноября 1983 г."
268,nm1940449,2024-01-08,2024-01-08,"15730 points","Andrew Garfield","Hacksaw Ridge","20 августа 1983 г."
269,nm0296545,2024-01-08,2024-01-08,"15694 points","Nick Frost","The World's End","28 марта 1972 г."
270,nm0004874,2024-01-08,2024-01-08,"15652 points","Vin Diesel","Guardians of the Galaxy","18 июля 1967 г."
271,nm2353862,2024-01-08,2024-01-08,"15616 points","Dev Patel","Slumdog Millionaire","23 апреля 1990 г."
272,nm0251986,2024-01-08,2024-01-08,"15573 points","Jesse Eisenberg","The Social Network","5 октября 1983 г."
273,nm0000602,2024-01-08,2024-01-23,"15570 points","Robert Redford","The Natural","18 августа 1936 г."
274,nm0000664,2024-01-08,2024-01-08,"15439 points","Patrick Swayze","Dirty Dancing","18 августа 1952 г."
275,nm0252961,2024-01-08,2024-01-08,"15285 points","Idris Elba","Beasts of No Nation","6 сентября 1972 г."
276,nm0001427,2024-01-08,2024-01-08,"15200 points","Greg Kinnear","As Good as It Gets","17 июня 1963 г."
277,nm1663205,2024-01-08,2024-01-08,"15020 points","Sharlto Copley","District 9","27 ноября 1973 г."
278,nm0000056,2024-01-08,2024-01-08,"14998 points","Paul Newman","The Hustler","26 января 1925 г."
279,nm0328828,2024-01-08,2024-01-08,"14880 point","Matthew Goode","The Imitation Game","3 апреля 1978 г."
280,nm1159180,2024-01-08,2024-01-08,"14860 points","Ed Helms","The Hangover","24 января 1974 г."
281,nm0000152,2024-01-08,2024-01-08,"14788 points","Richard Gere","Chicago","31 августа 1949 г."
282,nm0631490,2024-01-08,2024-02-07,"14576 points","Bill Nighy","Love Actually","12 декабря 1949 г."
283,nm0004486,2024-01-08,2024-01-08,"14484 points","Bruno Ganz","Der Untergang","22 марта 1941 г."
284,nm0000842,2024-01-08,2024-01-08,"14481 points","Martin Balsam","All the President's Men","4 ноября 1919 г."
285,nm0124930,2024-01-08,2024-07-03,"14436 points","Gerard Butler","300","13 ноября 1969 г."
286,nm0001647,2024-01-08,2024-01-08,"14362 points","Claude Rains","Casablanca","10 ноября 1889 г."
287,nm0305558,2024-01-08,2024-01-08,"14240 points","Gael García Bernal","Mozart in the Jungle","30 ноября 1978 г."
288,nm0548686,2024-01-08,2024-01-08,"14118 points","Karl Markovics","Die Fälscher","29 августа 1963 г."
289,nm0001812,2024-01-08,2024-01-08,"14055 points","Lee Van Cleef","Escape from New York","9 января 1925 г."
290,nm0000007,2024-01-08,2024-01-08,"14044 points","Humphrey Bogart","Casablanca","25 декабря 1899 г."
291,nm2403277,2024-01-08,2024-03-09,"13990 points","Alden Ehrenreich","Hail, Caesar!","22 ноября 1989 г."
292,nm0857620,2024-01-08,2024-01-08,"13802 points","Justin Theroux","Mulholland Dr.","10 августа 1971 г."
293,nm0000216,2024-01-08,2024-01-08,"13769 points","Arnold Schwarzenegger","Terminator 2: Judgment Day","30 июля 1947 г."
294,nm1517976,2024-01-08,2024-01-08,"13604 points","Chris Pine","Star Trek","26 августа 1980 г."
295,nm0000286,2024-01-08,2024-01-08,"13533 points","Stephen Baldwin","The Usual Suspects","12 мая 1966 г."
296,nm0001258,2024-01-08,2024-01-08,"13326 points","James Garner","The Notebook","7 апреля 1928 г."
297,nm0000131,2024-01-08,2024-01-08,"13300 points","John Cusack","Grosse Pointe Blank","28 июня 1966 г."
298,nm0001673,2024-01-08,2024-01-08,"13149 points","Jason Robards","All the President's Men","26 июля 1922 г."
299,nm0005023,2024-01-08,2024-01-08,"13095 points","Djimon Hounsou","Blood Diamond","24 апреля 1964 г."
300,nm0001657,2024-01-08,2024-01-08,"13085 points","Oliver Reed","Gladiator","13 февраля 1938 г."
301,nm2348627,2024-01-08,2024-01-08,"13013 points","Lucas Hedges","Manchester by the Sea","12 декабря 1996 г."
302,nm0001254,2024-01-08,2024-01-08,"13005 points","James Gandolfini","The Sopranos","18 сентября 1961 г."
303,nm0525518,2024-01-08,2024-01-08,"12935 points","Florian Lukas","Good Bye Lenin!","16 марта 1973 г."
304,nm0000377,2024-01-08,2024-01-08,"12777 points","Richard Dreyfuss","The Goodbye Girl","29 октября 1947 г."
305,nm0671567,2024-01-08,2024-01-08,"12767 points","Michael Peña","American Hustle","13 января 1976 г."
306,nm0836343,2024-01-08,2024-01-08,"12757 points","Jim Sturgess","21","16 мая 1978 г."
307,nm0001029,2024-01-08,2024-01-08,"12706 points","Jim Caviezel","The Passion of the Christ","26 сентября 1968 г."
308,nm0000101,2024-01-08,2024-01-08,"12681 points","Dan Aykroyd","Ghostbusters","1 июля 1952 г."
309,nm0912001,2024-01-08,2024-01-08,"12615 points","Jack Warden","...And Justice for All","18 сентября 1920 г."
310,nm0000122,2024-01-08,2024-01-08,"12476 points","Charles Chaplin","The Great Dictator","16 апреля 1889 г."
311,nm0922035,2024-01-08,2024-07-03,"12445 points","Dominic West","The Wire","15 октября 1969 г."
312,nm0933940,2024-01-08,2024-01-08,"12418 points","Patrick Wilson","The Phantom of the Opera","3 июля 1973 г."
313,nm0000367,2024-01-08,2024-01-08,"12371 points","Gérard Depardieu","Cyrano de Bergerac","27 декабря 1948 г."
314,nm1475594,2024-01-08,2024-01-08,"12284 points","Channing Tatum","21 Jump Street","26 апреля 1980 г."
315,nm0068260,2024-01-08,2024-01-08,"12240 points","Jamie Bell","Billy Elliot","14 марта 1986 г."
316,nm0085312,2024-01-08,2024-01-08,"12233 points","Jack Black","School of Rock","28 августа 1969 г."
317,nm0000905,2024-01-08,2024-01-08,"12223 points","Roberto Benigni","La vita è bella","27 октября 1952 г."
318,nm0000620,2024-01-08,2024-01-08,"12159 points","Mickey Rourke","Sin City","16 сентября 1952 г."
319,nm0195439,2024-01-08,2024-01-08,"12154 points","James D'Arcy","Cloud Atlas","24 августа 1975 г."
320,nm0000598,2024-01-08,2024-03-08,"12034 points","Dennis Quaid","Far from Heaven","9 апреля 1954 г."
321,nm0000369,2024-01-08,2024-04-25,"12001 points","Matt Dillon","There's Something About Mary","18 февраля 1964 г."
322,nm0000532,2024-01-08,2024-01-08,"11989 points","Malcolm McDowell","A Clockwork Orange","13 июня 1943 г."
323,nm0000048,2024-01-08,2024-01-08,"11962 points","Peter Lorre","M - Eine Stadt sucht einen Mörder","26 июня 1904 г."
324,nm0001449,2024-01-08,2024-05-12,"11887 points","Frank Langella","Frost/Nixon","1 января 1938 г."
325,nm0000090,2024-01-08,2024-01-08,"11849 points","Armin Mueller-Stahl","Eastern Promises","17 декабря 1930 г."
326,nm0001772,2024-06-04,2024-06-04,"11786 points","Patrick Stewart","Logan","13 июля 1940 г."
327,nm0001727,2024-01-08,2024-01-08,"11697 points","Robert Shaw","Jaws","9 августа 1927 г."
328,nm0593775,2024-01-08,2024-01-08,"11627 points","Thomas Mitchell","Stagecoach","11 июля 1892 г."
329,nm0947338,2024-01-08,2024-06-16,"11559 points","Anton Yelchin","Star Trek","11 марта 1989 г."
330,nm0040472,2024-01-08,2024-01-08,"11420 points","William Atherton","Die Hard","30 июля"
331,nm0316284,2024-01-08,2024-01-08,"11371 points","Giancarlo Giannini","Quantum of Solace","1 августа 1942 г."
332,nm0000060,2024-01-08,2024-01-08,"11240 points","Gregory Peck","To Kill a Mockingbird","5 апреля 1916 г."
333,nm2257207,2024-01-08,2024-01-08,"11221 points","Daniel Kaluuya","Get Out","24 февраля 1989 г."
334,nm0001702,2024-01-08,2024-01-08,"11209 points","Roy Scheider","Jaws","10 ноября 1932 г."
335,nm2309517,2024-01-08,2024-01-08,"11193 points","Armie Hammer","Call Me by Your Name","28 августа 1986 г."
336,nm0000418,2024-01-08,2024-01-08,"11167 points","Danny Glover","Lethal Weapon","22 июля 1946 г."
337,nm2002649,2024-01-08,2024-01-08,"11140 points","Dave Franco","Neighbors","12 июня 1985 г."
338,nm0913475,2024-01-08,2024-01-08,"11133 points","John David Washington","Tenet","28 июля 1984 г."
339,nm0377336,2024-01-08,2024-01-08,"11113 points","Aksel Hennie","Max Manus","29 октября 1975 г."
340,nm0167388,2024-01-08,2024-01-08,"11029 points","François Cluzet","Intouchables","21 сентября 1955 г."
341,nm0000554,2024-01-08,2024-01-08,"10931 points","Sam Neill","Jurassic Park","14 сентября 1947 г."
342,nm0000026,2024-01-08,2024-01-08,"10930 points","Cary Grant","North by Northwest","18 января 1904 г."
343,nm0396558,2024-01-08,2024-01-08,"10900 points","Nicholas Hoult","About a Boy","7 декабря 1989 г."
344,nm0532193,2024-01-08,2024-01-08,"10871 points","Matthew Macfadyen","Succession","17 октября 1974 г."
345,nm0458460,2024-01-08,2024-01-08,"10856 points","Burghart Klaußner","Die fetten Jahre sind vorbei","13 сентября 1949 г."
346,nm0004936,2024-01-08,2024-06-16,"10772 points","Ben Foster","Hell or High Water","29 октября 1980 г."
347,nm0000454,2024-01-08,2024-01-08,"10752 points","Dennis Hopper","Easy Rider","17 мая 1936 г."
348,nm0001638,2024-01-08,2024-01-08,"10734 points","Jürgen Prochnow","Dune","10 июня 1941 г."
349,nm0000439,2024-01-08,2024-01-08,"10706 points","Neil Patrick Harris","A Series of Unfortunate Events","15 июня 1973 г."
350,nm0000104,2024-01-08,2024-07-01,"10703 points","Antonio Banderas","The Mask of Zorro","10 августа 1960 г."
351,nm0000459,2024-01-08,2024-01-08,"10682 points","Timothy Hutton","Ordinary People","16 августа 1960 г."
352,nm4422686,2024-01-08,2024-03-11,"10547 points","Barry Keoghan","The Killing of a Sacred Deer","18 октября 1992 г."
353,nm0005351,2024-01-08,2024-01-08,"10545 points","Ryan Reynolds","Deadpool 2","23 октября 1976 г."
354,nm0000662,2024-01-08,2024-01-08,"10497 points","Kiefer Sutherland","24","21 декабря 1966 г."
355,nm0002139,2024-01-08,2024-05-28,"10388 points","Judd Hirsch","The Fabelmans","15 марта 1935 г."
356,nm1082477,2024-01-08,2024-01-08,"10299 points","Omar Sy","Intouchables","20 января 1978 г."
357,nm0000634,2024-01-08,2024-01-08,"10289 points","Peter Sellers","Being There","8 сентября 1925 г."
358,nm0000034,2024-01-08,2024-01-08,"10278 points","William Holden","Stalag 17","17 апреля 1918 г."
359,nm3147751,2024-01-08,2024-01-08,"10266 points","LaKeith Stanfield","Sorry to Bother You","12 августа 1991 г."
360,nm0000559,2024-01-08,2024-01-08,"10163 points","Leonard Nimoy","Star Trek IV: The Voyage Home","26 марта 1931 г."
361,nm0001976,2024-01-08,2024-01-08,"10059 points","Horst Buchholz","La vita è bella","4 декабря 1933 г."
362,nm0001326,2024-01-08,2024-01-08,"10041 points","Josh Hartnett","Lucky Number Slevin","21 июля 1978 г."
363,nm0000095,2024-01-08,2024-01-08,"9930 points","Woody Allen","Annie Hall","30 ноября 1935 г."
364,nm0406975,2024-01-08,2024-01-08,"9853 points","Rhys Ifans","The Amazing Spider-Man","22 июля 1967 г."
365,nm0000080,2024-01-08,2024-01-08,"9818 points","Orson Welles","Citizen Kane","6 мая 1915 г."
366,nm0000564,2024-01-08,2024-01-08,"9796 points","Peter O'Toole","Lawrence of Arabia","2 августа 1932 г."
367,nm0000578,2024-01-08,2024-01-08,"9728 points","Anthony Perkins","Psycho","4 апреля 1932 г."
368,nm0793766,2024-01-08,2024-01-08,"9705 points","Takashi Shimura","Shichinin no samurai","12 марта 1905 г."
369,nm0000314,2024-01-08,2024-01-08,"9641 points","Charles Bronson","Death Wish","3 ноября 1921 г."
370,nm0001852,2024-01-08,2024-01-08,"9624 points","Treat Williams","Deep Rising","1 декабря 1951 г."
371,nm0000493,2024-01-08,2024-01-08,"9591 points","Jack Lemmon","The Apartment","8 февраля 1925 г."
372,nm0005493,2024-01-08,2024-06-16,"9580 points","Justin Timberlake","Trolls","31 января 1981 г."
373,nm0005110,2024-01-08,2024-01-08,"9497 points","Ashton Kutcher","That '70s Show","7 февраля 1978 г."
374,nm1126657,2024-01-08,2024-01-08,"9482 points","George MacKay","1917","13 марта 1992 г."
375,nm0704270,2024-01-08,2024-01-08,"9378 points","Zachary Quinto","Star Trek","2 июня 1977 г."
376,nm0051509,2024-01-08,2024-01-08,"9378 points","Eric Bana","Dirty John","9 августа 1968 г."
377,nm0339304,2024-01-08,2024-01-08,"9378 points","Bruce Greenwood","Star Trek","12 августа 1956 г."
378,nm0001715,2024-01-08,2024-01-08,"9330 points","George C. Scott","Patton","18 октября 1927 г."
379,nm1310525,2024-01-08,2024-01-08,"9321 points","Lee Sun-kyun","Gisaengchung","2 марта 1975 г."
380,nm0001072,2024-01-08,2024-01-08,"9298 points","Joseph Cotten","The Third Man","15 мая 1905 г."
381,nm0001536,2024-01-08,2024-01-08,"9248 points","Toshirô Mifune","Yôjinbô","1 апреля 1920 г."
382,nm0001162,2024-01-08,2024-01-08,"9219 points","Griffin Dunne","After Hours","8 июня 1955 г."
383,nm0000654,2024-01-08,2024-01-29,"9171 points","Terence Stamp","The Limey","22 июля 1938 г."
384,nm0000551,2024-01-08,2024-01-08,"9028 points","Dermot Mulroney","My Best Friend's Wedding","31 октября 1963 г."
385,nm1093951,2024-01-08,2024-03-08,"9007 points","Aaron Taylor-Johnson","Kick-Ass","13 июня 1990 г."
386,nm3772243,2024-01-08,2024-01-08,"8944 points","Theo James","Divergent","16 декабря 1984 г."
387,nm5052065,2024-01-08,2024-01-08,"8944 points","Ansel Elgort","The Fault in Our Stars","14 марта 1994 г."
388,nm0530365,2024-01-08,2024-01-08,"8878 points","Sergi López","El laberinto del fauno","22 декабря 1965 г."
389,nm0000032,2024-01-08,2024-01-08,"8843 points","Charlton Heston","Ben-Hur","4 октября 1923 г."
390,nm0371660,2024-01-08,2024-01-08,"8727 points","Dennis Haysbert","Far from Heaven","2 июня 1954 г."
391,nm0000257,2024-01-08,2024-01-08,"8699 points","Alan Alda","M*A*S*H","28 января 1936 г."
392,nm0451234,2024-01-08,2024-01-08,"8633 points","Irrfan Khan","The Lunchbox","7 января 1967 г."
393,nm0001667,2024-01-08,2024-01-12,"8581 points","Jonathan Rhys Meyers","Den 12. mann","27 июля 1977 г."
394,nm0000225,2024-01-08,2024-01-08,"8507 points","Christian Slater","True Romance","18 августа 1969 г."
395,nm0147147,2024-01-08,2024-01-08,"8489 points","Henry Cavill","Man of Steel","5 мая 1983 г."
396,nm0488917,2024-01-08,2024-01-08,"8484 points","Thomas Bo Larsen","Jagten","27 ноября 1963 г."
397,nm0000024,2024-01-08,2024-01-08,"8308 points","John Gielgud","Arthur","14 апреля 1904 г."
398,nm0293509,2024-01-08,2024-01-08,"8195 points","Martin Freeman","Black Panther","8 сентября 1971 г."
399,nm0763928,2024-01-08,2024-01-08,"8195 points","Rodrigo Santoro","300","22 августа 1975 г."
400,nm0000100,2024-01-08,2024-01-08,"8195 points","Rowan Atkinson","Johnny English","6 января 1955 г."
401,nm1089991,2024-01-08,2024-01-08,"8154 points","Tom Hiddleston","The Avengers","9 февраля 1981 г."
402,nm0001953,2024-01-08,2024-01-08,"8147 points","Moritz Bleibtreu","Knockin' on Heaven's Door","13 августа 1971 г."
403,nm0000221,2024-01-08,2024-01-08,"8056 points","Charlie Sheen","Two and a Half Men","3 сентября 1965 г."
404,nm4139037,2024-01-08,2024-01-08,"8045 points","Suraj Sharma","Life of Pi","21 марта 1993 г."
405,nm1334869,2024-01-08,2024-01-08,"8037 points","Logan Marshall-Green","The Invitation","1 ноября 1976 г."
406,nm0001698,2024-01-08,2024-01-08,"7929 points","John Savage","The Last Full Measure","25 августа"
407,nm0422638,2024-01-08,2024-01-08,"7882 points","Wen Jiang","Rogue One","5 января 1963 г."
408,nm0891998,2024-01-08,2024-01-08,"7768 points","Conrad Veidt","Casablanca","22 января 1893 г."
409,nm0001364,2024-01-08,2024-06-08,"7718 points","Bob Hoskins","The Long Good Friday","26 октября 1942 г."
410,nm0065007,2024-01-08,2024-01-08,"7660 points","Demián Bichir","The Hateful Eight","1 августа 1963 г."
411,nm1670029,2024-01-08,2024-04-25,"7655 points","Rupert Friend","Hitman: Agent 47","1 октября 1981 г."
412,nm0352278,2024-01-08,2024-01-08,"7592 points","Matthias Habich","Enemy at the Gates","12 января 1940 г."
413,nm0056187,2024-01-08,2024-01-08,"7571 points","Sacha Baron Cohen","Borat: Cultural Learnings of America for Make Benefit Glorious Nation of Kazakhstan","13 октября 1971 г."
414,nm0001212,2024-01-08,2024-01-08,"7540 points","Joseph Fiennes","Shakespeare in Love","27 мая 1970 г."
415,nm0002907,2024-01-08,2024-01-08,"7514 points","Alexander Skarsgård","The Legend of Tarzan","25 августа 1976 г."
416,nm0001096,2024-01-08,2024-01-08,"7394 points","Timothy Dalton","The Living Daylights","21 марта 1946 г."
417,nm0001191,2024-01-08,2024-01-08,"7331 points","Adam Sandler","The Waterboy","9 сентября 1966 г."
418,nm0001597,2024-01-08,2024-01-08,"7252 points","Mandy Patinkin","Homeland","30 ноября 1952 г."
419,nm5831542,2024-01-08,2024-01-08,"7209 points","Barkhad Abdi","Captain Phillips","10 апреля 1985 г."
420,nm0860947,2024-01-08,2024-01-08,"7161 points","Ulrich Thomsen","Festen","6 декабря 1963 г."
421,nm1319365,2024-01-08,2024-01-08,"7153 points","Tómas Lemarquis","Blade Runner 2049","3 августа 1977 г."
422,nm0000587,2024-01-08,2024-01-08,"7149 points","Donald Pleasence","Halloween II","5 октября 1919 г."
423,nm2797744,2024-01-08,2024-01-08,"6994 points","Himesh Patel","Yesterday","13 октября 1990 г."
424,nm0207218,2024-01-08,2024-01-08,"6964 points","Isaach De Bankolé","Casino Royale","12 августа 1957 г."
425,nm0001768,2024-01-08,2024-01-08,"6954 points","Rod Steiger","In the Heat of the Night","14 апреля 1925 г."
426,nm0002134,2024-01-08,2024-01-08,"6931 points","Paul Henreid","Casablanca","10 января 1908 г."
427,nm0001644,2024-01-08,2024-01-08,"6898 points","Aidan Quinn","Practical Magic","8 марта 1959 г."
428,nm0148418,2024-01-08,2024-01-08,"6884 points","Michael Cera","Scott Pilgrim vs. the World","7 июня 1988 г."
429,nm0860233,2024-01-08,2024-01-08,"6881 points","Jack Thompson","'Breaker' Morant","31 августа 1940 г."
430,nm0267241,2024-01-08,2024-01-08,"6842 points","Fares Fares","Kvinden i buret","29 апреля 1973 г."
431,nm0000177,2024-01-08,2024-01-10,"6732 points","Kevin Kline","Wild Wild West","24 октября 1947 г."
432,nm0781913,2024-01-08,2024-01-08,"6716 points","Noah Segan","Knives Out","5 октября 1983 г."
433,nm0876300,2024-01-08,2024-01-08,"6672 points","Ulrich Tukur","Das Leben der Anderen","29 июля 1957 г."
434,nm0685856,2024-01-08,2024-03-09,"6669 points","Michael Pitt","The Dreamers","10 апреля 1981 г."
435,nm0504897,2024-01-08,2024-01-08,"6650 points","Tony Leung Chiu-wai","Fa yeung nin wah","27 июня 1962 г."
436,nm0158856,2024-01-08,2024-01-08,"6601 points","Choi Min-sik","Oldeuboi","22 января 1962 г."
437,nm0949167,2024-01-08,2024-01-08,"6601 points","Yoo Ji-tae","Oldeuboi","13 апреля 1976 г."
438,nm1785339,2024-01-08,2024-01-08,"6581 points","Rami Malek","Bohemian Rhapsody","12 мая 1981 г."
439,nm0000867,2024-06-23,2024-06-23,"6549 points","Jason Bateman","Arrested Development","14 января 1969 г."
440,nm0206359,2024-06-23,2024-06-23,"6549 points","Charlie Day","It's Always Sunny in Philadelphia","9 февраля 1976 г."
441,nm0898546,2024-01-08,2024-01-08,"6512 points","Pruitt Taylor Vince","Identity","5 июля 1960 г."
442,nm0003909,2024-01-08,2024-01-08,"6507 points","Michael Lonsdale","The Day of the Jackal","24 мая 1931 г."
443,nm0176869,2024-01-08,2024-04-21,"6470 points","Steve Coogan","Philomena","14 октября 1965 г."
444,nm0201857,2024-01-08,2024-01-10,"6404 points","Ricardo Darín","Nueve reinas","16 января 1957 г."
445,nm0000336,2024-01-08,2024-01-08,"6400 points","James Coburn","Charade","31 августа 1928 г."
446,nm0000537,2024-01-08,2024-01-08,"6299 points","Steve McQueen","The Great Escape","24 марта 1930 г."
447,nm5052065,2024-02-02,2024-02-02,"6244 points","Ansel Elgort","The Fault in Our Stars","14 марта 1994 г."
448,nm0760796,2024-01-08,2024-03-08,"6192 points","Hiroyuki Sanada","Tasogare Seibei","12 октября 1960 г."
449,nm0000051,2024-01-08,2024-01-08,"6049 points","James Mason","Lolita","15 мая 1909 г."
450,nm1726032,2024-01-08,2024-01-08,"5924 points","Rob Morgan","Mudbound","24 февраля 1973 г."
451,nm1347153,2024-01-08,2024-01-08,"5924 points","Tyler Perry","Diary of a Mad Black Woman","14 сентября 1969 г."
452,nm0001069,2024-01-08,2024-01-08,"5907 points","Bud Cort","Harold and Maude","29 марта 1948 г."
453,nm0000063,2024-01-08,2024-01-08,"5827 points","Anthony Quinn","Alexis Zorbas","21 апреля 1915 г."
454,nm1256532,2024-01-08,2024-01-08,"5816 points","Jon Bernthal","The Wolf of Wall Street","20 сентября 1976 г."
455,nm0001722,2024-01-08,2024-01-08,"5810 points","Rufus Sewell","Dark City","29 октября 1967 г."
456,nm0001445,2024-01-08,2024-01-08,"5808 points","Martin Landau","Ed Wood","20 июня 1928 г."
457,nm0000345,2024-01-08,2024-01-08,"5808 points","Billy Crystal","Forget Paris","14 марта 1948 г."
458,nm0774386,2024-01-08,2024-01-08,"5768 points","Matthias Schoenaerts","De rouille et d'os","8 декабря 1977 г."
459,nm0000022,2024-01-08,2024-01-08,"5737 points","Clark Gable","It Happened One Night","1 февраля 1901 г."
460,nm2018237,2024-01-08,2024-01-08,"5672 points","Taylor Kitsch","X-Men Origins: Wolverine","8 апреля 1981 г."
461,nm0302330,2024-01-08,2024-03-04,"5663 points","John Gallagher Jr.","10 Cloverfield Lane","17 июня 1984 г."
462,nm0085038,2024-01-08,2024-01-08,"5645 points","Gunnar Björnstrand","Persona","13 ноября 1909 г."
463,nm0000859,2024-01-08,2024-01-08,"5642 points","Lionel Barrymore","You Can't Take It with You","28 апреля 1878 г."
464,nm0618057,2024-01-08,2024-01-08,"5601 points","Ulrich Mühe","Das Leben der Anderen","20 июня 1953 г."
465,nm0000203,2024-01-08,2024-01-08,"5592 points","River Phoenix","My Own Private Idaho","23 августа 1970 г."
466,nm0000346,2024-01-08,2024-03-18,"5566 points","Macaulay Culkin","Home Alone","26 августа 1980 г."
467,nm0000409,2024-01-08,2024-03-09,"5442 points","Brendan Fraser","The Mummy","3 декабря 1968 г."
468,nm0000552,2024-01-08,2024-01-08,"5380 points","Eddie Murphy","The Nutty Professor","3 апреля 1961 г."
469,nm0190744,2024-01-08,2024-01-08,"5378 points","Marton Csokas","Æon Flux","30 июня 1966 г."
470,nm0000698,2024-01-08,2024-01-08,"5349 points","Gene Wilder","Willy Wonka & the Chocolate Factory","11 июня 1933 г."
471,nm0000652,2024-01-08,2024-01-08,"5293 points","James Spader","The Blacklist","7 февраля 1960 г."
472,nm0000059,2024-01-08,2024-01-08,"5245 points","Laurence Olivier","Sleuth","22 мая 1907 г."
473,nm0001262,2024-01-08,2024-01-08,"5142 points","Ben Gazzara","Road House","28 августа 1930 г."
474,nm1561982,2024-01-08,2024-01-08,"5118 points","Pilou Asbæk","Ghost in the Shell","2 марта 1982 г."
475,nm1249052,2024-01-08,2024-01-08,"5117 points","Riccardo Scamarcio","John Wick: Chapter 2","13 ноября 1979 г."
476,nm0519043,2024-05-06,2024-05-06,"5092 points","Justin Long","Live Free or Die Hard","2 июня 1978 г."
477,nm1269088,2024-01-08,2024-01-08,"5077 points","David Kross","The Reader","4 июля 1990 г."
478,nm0002231,2024-01-08,2024-01-08,"5068 points","Gian Maria Volontè","Per un pugno di dollari","9 апреля 1933 г."
479,nm0000389,2024-01-08,2024-01-08,"5045 points","Emilio Estevez","The Way","12 мая 1962 г."
480,nm0000053,2024-01-08,2024-01-08,"5041 points","Robert Mitchum","Out of the Past","6 августа 1917 г."
481,nm0001588,2024-01-08,2024-01-08,"5018 points","Jack Palance","City Slickers","18 февраля 1919 г."
482,nm1013003,2024-01-08,2024-01-08,"5018 points","Michael Ealy","Barbershop","3 августа 1973 г."
483,nm0000144,2024-01-08,2024-01-08,"4925 points","Cary Elwes","Saw","26 октября 1962 г."
484,nm0001697,2024-01-08,2024-01-08,"4925 points","Chris Sarandon","The Nightmare Before Christmas","24 июля 1942 г."
485,nm0376540,2024-05-10,2024-05-10,"4918 points","Martin Henderson","Smokin' Aces","8 октября 1974 г."
486,nm0000549,2024-01-08,2024-01-08,"4843 points","Roger Moore","Moonraker","14 октября 1927 г."
487,nm0001500,2024-01-08,2024-01-08,"4779 points","Karl Malden","A Streetcar Named Desire","22 марта 1912 г."
488,nm0000608,2024-01-08,2024-01-08,"4753 points","Burt Reynolds","Boogie Nights","11 февраля 1936 г."
489,nm0001075,2024-01-08,2024-01-08,"4753 points","Peter Coyote","Bitter Moon","10 октября 1941 г."
490,nm0001228,2024-01-08,2024-01-08,"4734 points","Peter Fonda","Easy Rider","23 февраля 1940 г."
491,nm2930503,2024-01-08,2024-01-08,"4703 points","Jack Reynor","The Peripheral","23 января 1992 г."
492,nm0034390,2024-01-08,2024-01-08,"4689 points","Niels Arestrup","Un prophète","8 февраля 1949 г."
493,nm0001006,2024-01-08,2024-01-08,"4684 points","John Candy","Planes, Trains & Automobiles","31 октября 1950 г."
494,nm1486911,2024-01-08,2024-01-08,"4620 points","Shahab Hosseini","Jodaeiye Nader az Simin","3 февраля 1974 г."
495,nm0272224,2024-01-08,2024-01-08,"4610 points","Heino Ferch","Der Untergang","18 августа 1963 г."
496,nm0813463,2024-01-08,2024-01-08,"4608 points","Anatoliy Solonitsyn","Stalker","30 августа 1934 г."
497,nm0534045,2024-01-08,2024-01-08,"4597 points","Fred MacMurray","Double Indemnity","30 августа 1908 г."
498,nm0365317,2024-01-08,2024-01-08,"4591 points","Sean Harris","Mission: Impossible - Rogue Nation","1966"
499,nm0001725,2024-01-08,2024-01-08,"4558 points","Omar Sharif","Lawrence of Arabia","10 апреля 1932 г."
500,nm0001366,2024-01-08,2024-01-08,"4538 points","Leslie Howard","Pygmalion","3 апреля 1893 г."
501,nm0000078,2024-01-08,2024-01-08,"4453 points","John Wayne","True Grit","26 мая 1907 г."
502,nm0001494,2024-01-08,2024-01-08,"4451 points","Ralph Macchio","The Karate Kid Part III","4 ноября 1961 г."
503,nm0402271,2024-01-08,2024-01-08,"4445 points","Charlie Hunnam","Sons of Anarchy","10 апреля 1980 г."
504,nm1659221,2024-01-08,2024-01-08,"4400 points","Sebastian Stan","Captain America: The Winter Soldier","13 августа 1982 г."
505,nm0000111,2024-01-08,2024-03-11,"4310 points","Matthew Broderick","The Producers","21 марта 1962 г."
506,nm0001085,2024-01-08,2024-01-08,"4310 points","Kieran Culkin","Succession","30 сентября 1982 г."
507,nm0000018,2024-01-08,2024-01-08,"4282 points","Kirk Douglas","The Final Countdown","9 декабря 1916 г."
508,nm0000334,2024-01-08,2024-01-08,"4256 points","Chow Yun-Fat","Wo hu cang long","18 мая 1955 г."
509,nm0000563,2024-01-08,2024-01-08,"4228 points","Chris O'Donnell","Batman & Robin","26 июня 1970 г."
510,nm0002071,2024-01-08,2024-01-08,"4194 points","Will Ferrell","Talladega Nights: The Ballad of Ricky Bobby","16 июля 1967 г."
511,nm0002006,2024-01-08,2024-01-08,"4135 points","Thomas Haden Church","Sideways","17 июня 1960 г."
512,nm0559890,2024-01-08,2024-01-08,"4108 points","Ulrich Matthes","Der Untergang","9 мая 1959 г."
513,nm0761420,2024-01-08,2024-01-08,"4093 points","Otto Sander","Der Himmel über Berlin","30 июня 1941 г."
514,nm0633947,2024-01-08,2024-01-08,"4108 points","Ulrich Noethen","Der Untergang","18 ноября 1959 г."
515,nm0632457,2024-01-08,2024-01-08,"4087 points","Merab Ninidze","McMafia","3 ноября 1965 г."
516,nm0001868,2024-01-08,2024-01-08,"4043 points","Michael York","Logan's Run","27 марта 1942 г."
517,nm0001822,2024-01-08,2024-01-08,"3994 points","Robert Wagner","The Towering Inferno","10 февраля 1930 г."
518,nm0000308,2024-01-08,2024-01-08,"3982 points","Ernest Borgnine","Marty","24 января 1917 г."
519,nm0001492,2024-01-08,2024-01-08,"3980 points","Kyle MacLachlan","Twin Peaks: The Return","22 февраля 1959 г."
520,nm0515296,2024-01-08,2024-01-08,"3965 points","Ron Livingston","The Conjuring","5 июня 1967 г."
521,nm5218990,2024-01-08,2024-01-08,"3913 points","Trevante Rhodes","Moonlight","10 февраля 1990 г."
522,nm0001371,2024-01-08,2024-01-08,"3902 points","Tom Hulce","Amadeus","6 декабря 1953 г."
523,nm0000293,2024-02-21,2024-02-21,"3901 points","Sean Bean","The Lord of the Rings: The Fellowship of the Ring","17 апреля 1959 г."
524,nm0000202,2024-01-08,2024-01-08,"3900 points","Ryan Phillippe","Crash","10 сентября 1974 г."
525,nm1449783,2024-01-08,2024-01-08,"3899 points","Stipe Erceg","Die fetten Jahre sind vorbei","30 октября 1974 г."
526,nm0000064,2024-01-08,2024-01-08,"3885 points","Edward G. Robinson","Double Indemnity","12 декабря 1893 г."
527,nm0727165,2024-01-08,2024-01-08,"3876 points","Sam Riley","Control","8 января 1980 г."
528,nm0000977,2024-01-08,2024-01-08,"3839 points","Beau Bridges","The Fabulous Baker Boys","9 декабря 1941 г."
529,nm0001472,2024-01-08,2024-06-08,"3811 points","Jet Li","Huo Yuan Jia","26 апреля 1963 г."
530,nm0408591,2024-01-08,2024-01-08,"3789 points","Ralph Ineson","The VVitch: A New-England Folktale","15 декабря 1969 г."
531,nm0001023,2024-01-08,2024-01-08,"3788 points","John Cassavetes","Rosemary's Baby","9 декабря 1929 г."
532,nm0000348,2024-01-08,2024-01-08,"3774 points","Tony Curtis","Some Like It Hot","3 июня 1925 г."
533,nm0706368,2024-01-08,2024-01-08,"3774 points","George Raft","Some Like It Hot","26 сентября 1901 г."
534,nm0001131,2024-01-08,2024-02-06,"3757 points","Patrick Dempsey","Grey's Anatomy","13 января 1966 г."
535,nm0490489,2024-01-08,2024-01-08,"3752 points","Andy Lau","Mou gaan dou","27 сентября 1961 г."
536,nm3109964,2024-03-08,2024-03-08,"3451 points","Brian Tyree Henry","Spider-Man: Into the Spider-Verse","31 марта 1982 г."
537,nm0634159,2024-01-08,2024-01-08,"3440 points","Philippe Noiret","Nuovo Cinema Paradiso","1 октября 1930 г."
538,nm1183149,2024-01-08,2024-01-08,"3439 points","Edgar Ramírez","Gold","25 марта 1977 г."
539,nm0180580,2024-01-08,2024-01-08,"3393 points","Jose Coronado","El cuerpo","14 августа 1957 г."
540,nm0001627,2024-01-08,2024-01-08,"3386 points","Sidney Poitier","In the Heat of the Night","20 февраля 1927 г."
541,nm0002070,2024-01-08,2024-01-08,"3348 points","Richard Farnsworth","The Straight Story","1 сентября 1920 г."
542,nm0000037,2024-01-08,2024-01-08,"3341 points","Gene Kelly","Singin' in the Rain","23 августа 1912 г."
543,nm0640307,2024-01-08,2024-01-08,"3341 points","Donald O'Connor","Singin' in the Rain","28 августа 1925 г."
544,nm5473782,2024-01-08,2024-01-08,"3328 points","Taron Egerton","Kingsman: The Secret Service","10 ноября 1989 г."
545,nm0646037,2024-01-08,2024-01-08,"3323 points","Daniel Olbrychski","Salt","27 февраля 1945 г."
546,nm0225944,2024-01-08,2024-01-08,"3323 points","August Diehl","Inglourious Basterds","4 января 1976 г."
547,nm0001763,2024-01-08,2024-01-08,"3316 points","Nick Stahl","Sin City","5 декабря 1979 г."
548,nm0001695,2024-01-08,2024-01-08,"3309 points","George Sanders","All About Eve","3 июля 1906 г."
549,nm0451148,2024-01-08,2024-01-08,"3291 points","Aamir Khan","Taare Zameen Par","14 марта 1965 г."
550,nm0335048,2024-01-08,2024-01-08,"3268 points","Farley Granger","Strangers on a Train","1 июля 1925 г."
551,nm0001452,2024-01-08,2024-01-08,"3144 points","Charles Laughton","Witness for the Prosecution","1 июля 1899 г."
552,nm0641939,2024-01-08,2024-01-08,"3126 points","Ryan O'Neal","Love Story","20 апреля 1941 г."
553,nm1002641,2024-01-08,2024-01-08,"3058 points","Dominic Cooper","The Devil's Double","2 июня 1978 г."
554,nm0001421,2024-01-08,2024-01-08,"3038 points","George Kennedy","Cool Hand Luke","18 февраля 1925 г."
555,nm6578009,2024-01-08,2024-01-08,"3003 points","O'Shea Jackson Jr.","Straight Outta Compton","24 февраля 1991 г."
556,nm3659660,2024-01-08,2024-01-08,"3003 points","Corey Hawkins","Straight Outta Compton","22 октября 1988 г."
557,nm4207146,2024-01-08,2024-01-08,"3003 points","Jason Mitchell","Straight Outta Compton","5 января 1987 г."
558,nm0103785,2024-01-08,2024-01-08,"3001 points","Zach Braff","Garden State","6 апреля 1975 г."
559,nm0768614,2024-01-08,2024-01-08,"2991 points","Leonardo Sbaraglia","Dolor y gloria","30 июня 1970 г."
560,nm0002085,2024-01-08,2024-01-08,"2988 points","Gert Fröbe","Goldfinger","25 февраля 1913 г."
561,nm0002145,2024-01-08,2024-01-08,"2965 points","Trevor Howard","The Third Man","29 сентября 1913 г."
562,nm0297054,2024-01-08,2024-01-08,"2963 points","Gustav Fröhlich","Metropolis","21 марта 1902 г."
563,nm1107001,2024-01-29,2024-01-29,"2954 points","Anthony Mackie","The Hurt Locker","23 сентября 1978 г."
564,nm2588665,2024-01-08,2024-01-08,"2923 points","Tahar Rahim","Un prophète","4 июля 1981 г."
565,nm2244852,2024-01-08,2024-01-08,"2913 points","Brian Gleeson","Snow White and the Huntsman","14 ноября 1987 г."
566,nm0001682,2024-01-08,2024-01-08,"2891 point","Mickey Rooney","It's a Mad, Mad, Mad, Mad World","23 сентября 1920 г."
567,nm3102998,2024-01-08,2024-01-08,"2881 points","Bo Burnham","Bo Burnham: Inside","21 августа 1990 г."
568,nm0000009,2024-01-08,2024-01-08,"2827 points","Richard Burton","Who's Afraid of Virginia Woolf?","10 ноября 1925 г."
569,nm0402271,2024-01-08,2024-01-08,"2825 points","Charlie Hunnam","Sons of Anarchy","10 апреля 1980 г."
570,nm1812656,2024-01-08,2024-01-08,"2813 points","Luke Evans","Dracula Untold","15 апреля 1979 г."
571,nm4043618,2024-01-08,2024-01-08,"2804 points","Tom Holland","Spider-Man: Homecoming","1 июня 1996 г."
572,nm0002094,2024-01-08,2024-01-08,"2800 points","Vittorio Gassman","Sleepers","1 сентября 1922 г."
573,nm1504980,2024-01-08,2024-01-08,"2789 points","Sönke Möhring","Inglourious Basterds","12 октября 1972 г."
574,nm0000196,2024-01-08,2024-01-08,"2788 points","Mike Myers","Austin Powers in Goldmember","25 мая 1963 г."
575,nm1302735,2024-01-08,2024-01-08,"2778 points","Max Thieriot","The Pacifier","14 октября 1988 г."
576,nm0001696,2024-01-08,2024-01-08,"2745 points","Julian Sands","A Room with a View","4 января 1958 г."
577,nm0619938,2024-01-08,2024-01-08,"2704 points","Tatsuya Nakadai","Seppuku","13 декабря 1932 г."
578,nm0579663,2024-01-08,2024-01-08,"2666 points","Adolphe Menjou","Paths of Glory","18 февраля 1890 г."
579,nm0000052,2024-01-08,2024-01-08,"2656 points","Marcello Mastroianni","La dolce vita","28 сентября 1924 г."
580,nm0752813,2024-01-08,2024-01-08,"2653 points","Robert Ryan","The Wild Bunch","11 ноября 1909 г."
581,nm0001332,2024-01-08,2024-01-08,"2641 points","Robert Hays","Airplane!","24 июля 1947 г."
582,nm0000558,2024-01-08,2024-01-08,"2641 points","Leslie Nielsen","Airplane!","11 февраля 1926 г."
583,nm0436835,2024-01-08,2024-01-08,"2637 points","Felix Kammerer","Im Westen nichts Neues","19 сентября 1995 г."
584,nm8624059,2024-03-11,2024-03-11,"2627 points","Jacob Elordi","The Kissing Booth","26 июня 1997 г."
585,nm0001290,2024-03-11,2024-03-11,"2627 points","Richard E. Grant","Gosford Park","5 мая 1957 г."
586,nm0473228,2024-01-08,2024-01-08,"2582 points","Hardy Krüger","A Bridge Too Far","12 апреля 1928 г."
587,nm3477129,2024-01-08,2024-01-08,"2637 points","Albrecht Schuch","Im Westen nichts Neues","21 августа 1985 г."
588,nm0004462,2024-01-08,2024-01-08,"2577 points","Jean-Louis Trintignant","Amour","11 декабря 1930 г."
589,nm0051903,2024-01-08,2024-01-08,"2522 points","Claes Bang","The Square","28 апреля 1967 г."
590,nm0194572,2024-01-08,2024-01-08,"2514 points","Javier Cámara","Hable con ella","19 января 1967 г."
591,nm0001537,2024-01-08,2024-01-08,"2509 points","Ray Milland","The Lost Weekend","3 января 1907 г."
592,nm0079273,2024-01-08,2024-01-08,"2492 points","Paul Bettany","WandaVision","27 мая 1971 г."
593,nm0803890,2024-01-08,2024-01-08,"2463 points","Gustaf Skarsgård","Oppenheimer","12 ноября 1980 г."
594,nm1832584,2024-01-08,2024-01-08,"2460 points","Mario Casas","3 metros sobre el cielo","12 июня 1986 г."
595,nm1065929,2024-01-08,2024-01-08,"2428 points","Elyas M'Barek","Fack ju Göhte","29 мая 1982 г."
596,nm3287038,2024-01-08,2024-01-08,"2418 points","Thomas Mann","Me and Earl and the Dying Girl","27 сентября 1991 г."
597,nm5518972,2024-01-08,2024-01-08,"2418 points","RJ Cyler","Me and Earl and the Dying Girl","21 марта 1995 г."
598,nm1981893,2024-01-08,2024-01-08,"2409 points","Riz Ahmed","Sound of Metal","1 декабря 1982 г."
599,nm0750971,2024-01-08,2024-01-08,"2386 points","Simon Russell Beale","The Death of Stalin","12 января 1961 г."
600,nm0000577,2024-01-08,2024-01-08,"2382 points","George Peppard","Breakfast at Tiffany's","1 октября 1928 г."
601,nm0635330,2024-01-08,2024-01-08,"2330 points","Eduardo Noriega","The Last Stand","1 августа 1973 г."
602,nm0147308,2024-01-08,2024-01-08,"2319 points","Fernando Cayo","El orfanato","22 апреля 1968 г."
603,nm0521974,2024-01-08,2024-01-08,"2316","Todd Louiso","High Fidelity","27 января 1970 г."
604,nm0374865,2024-01-08,2024-01-08,"2310 points","Simon Helberg","Florence Foster Jenkins","9 декабря 1980 г."
605,nm0175916,2024-01-08,2024-02-07,"2309 points","Paddy Considine","Dead Man's Shoes","5 сентября 1973 г."
606,nm0000989,2024-01-08,2024-01-08,"2283 points","Yul Brynner","The King and I","11 июля 1920 г."
607,nm0687146,2024-01-08,2024-01-08,"2265 points","Jesse Plemons","Game Night","2 апреля 1988 г."
608,nm0144045,2024-01-08,2024-01-08,"2254 points","Jean-Pierre Cassel","Le charme discret de la bourgeoisie","27 октября 1932 г."
609,nm6170168,2024-01-08,2024-01-08,"2251 points","Harris Dickinson","Beach Rats","24 июня 1996 г."
610,nm0555093,2024-01-08,2024-01-08,"2250 points","Fele Martínez","Abre los ojos","22 февраля 1975 г."
611,nm1978402,2024-01-08,2024-01-08,"2245 points","Ha Jung-woo","Hwanghae","11 марта 1978 г."
612,nm0350350,2024-01-08,2024-01-08,"2214 points","Michael Gwisdek","Der Baader Meinhof Komplex","14 января 1942 г."
613,nm3858973,2024-03-11,2024-03-11,"2211 points","Ramy Youssef","Ramy","26 марта 1991 г."
614,nm0675409,2024-01-08,2024-01-08,"2207 points","Mikael Persbrandt","Hævnen","25 сентября 1963 г."
615,nm0768334,2024-01-08,2024-01-08,"2197 points","John Saxon","A Nightmare on Elm Street","5 августа 1936 г."
616,nm0000387,2024-01-08,2024-01-08,"2197 points","Robert Englund","A Nightmare on Elm Street","6 июня 1947 г."
617,nm0000527,2024-01-08,2024-01-08,"2172 points","Walter Matthau","The Odd Couple","1 октября 1920 г."
618,nm0496932,2024-04-15,2024-04-15,"2159 points","Lee Byung-hun","Dalkomhan insaeng","12 июля 1970 г."
619,nm0001297,2024-01-08,2024-01-08,"2155 points","Joel Grey","Cabaret","11 апреля 1932 г."
620,nm0005403,2024-01-08,2024-01-08,"2143 points","Jason Schwartzman","Rushmore","26 июня 1980 г."
621,nm0319843,2024-01-08,2024-01-08,"2118 points","Daniel Giménez Cacho","Bardo, falsa crónica de unas cuantas verdades","15 мая 1961 г."
622,nm0002075,2024-01-08,2024-01-08,"2109 points","Peter Finch","Network","28 сентября 1916 г."
623,nm0347797,2024-01-08,2024-01-08,"2091 points","Sean Gullette","Pi","4 июня 1968 г."
624,nm0000188,2024-01-08,2024-01-08,"2089 points","Steve Martin","Roxanne","14 августа 1945 г."
625,nm0176981,2024-01-08,2024-01-08,"2068 points","Dane Cook","Good Luck Chuck","18 марта 1972 г."
626,nm0569000,2024-01-08,2024-01-08,"2067 points","Darren McGavin","A Christmas Story","7 мая 1922 г."
627,nm0000004,2024-01-08,2024-01-08,"2054 points","John Belushi","Saturday Night Live","24 января 1949 г."
628,nm0001059,2024-01-08,2024-01-08,"2050 points","Robbie Coltrane","Cracker","30 марта 1950 г."
629,nm0007183,2024-01-08,2024-01-08,"2050 points","Ian Richardson","From Hell","7 апреля 1934 г."
630,nm0002076,2024-01-08,2024-01-08,"2050 points","Jason Flemyng","The Curious Case of Benjamin Button","25 сентября 1966 г."
631,nm0050959,2024-01-08,2024-01-08,"2032 points","Pedro Pascal","The Last of Us","2 апреля 1975 г."
632,nm0364813,2024-02-24,2024-02-24,"2030 points","Jared Harris","Chernobyl","24 августа"
633,nm0000075,2024-01-08,2024-01-08,"2022 points","Spencer Tracy","Judgment at Nuremberg","5 апреля 1900 г."
634,nm0001659,2024-01-08,2024-01-08,"2012 points","Christopher Reeve","Superman","25 сентября 1952 г."
635,nm0437580,2024-01-08,2024-01-08,"2012 points","Takeshi Kaneshiro","Shi mian mai fu","11 октября 1973 г."
636,nm0191950,2024-01-08,2024-01-08,"1992 points","Robert Cummings","Dial M for Murder","9 июня 1910 г."
637,nm5189784,2024-01-08,2024-01-08,"1976 points","Alex Sharp","The Trial of the Chicago 7","2 февраля"
638,nm0056187,2024-01-08,2024-01-08,"1976 points","Sacha Baron Cohen","Borat: Cultural Learnings of America for Make Benefit Glorious Nation of Kazakhstan","13 октября 1971 г."
639,nm0001832,2024-01-08,2024-01-08,"1958 points","Sam Waterston","The Killing Fields","15 ноября 1940 г."
640,nm0625789,2024-01-08,2024-01-08,"1944 points","Tim Blake Nelson","The Ballad of Buster Scruggs","11 мая 1964 г."
641,nm1035643,2024-01-08,2024-01-08,"1932 points","Frederick Lau","Victoria","17 августа 1989 г."
642,nm0001590,2024-01-08,2024-01-08,"1911 points","Chazz Palminteri","The Usual Suspects","15 мая 1952 г."
643,nm0000969,2024-01-08,2024-01-08,"1911 points","Lillo Brancato","A Bronx Tale","30 марта 1976 г."
644,nm1710309,2024-01-08,2024-01-08,"1905 points","Emory Cohen","Brooklyn","13 марта 1990 г."
645,nm0001511,2024-01-08,2024-01-08,"1886 points","Lee Marvin","Paint Your Wagon","19 февраля 1924 г."
646,nm0001115,2024-01-08,2024-01-08,"1878 points","Ossie Davis","Do the Right Thing","18 декабря 1917 г."
647,nm1235292,2024-01-08,2024-01-08,"1861 points","Kim Sang-kyung","Salinui chueok","1 июня 1972 г."
648,nm1323287,2024-01-08,2024-01-08,"1861 points","Kim Roe-ha","Salinui chueok","15 ноября 1965 г."
649,nm0947338,2024-01-08,2024-01-08,"1852 points","Anton Yelchin","Star Trek","11 марта 1989 г."
650,nm0374949,2024-01-08,2024-01-08,"1852 points","Johan Heldenbergh","The Broken Circle Breakdown","11 мая 1967 г."
651,nm1375877,2024-01-08,2024-01-08,"1841 points","Juan Minujín","The Two Popes","20 мая 1975 г."
652,nm0000287,2024-01-08,2024-01-08,"1813 points","William Baldwin","Backdraft","21 февраля 1963 г."
653,nm0518687,2024-04-07,2024-04-07,"1807 points","Daniel London","Minority Report","16 февраля 1973 г."
654,nm2129938,2024-01-08,2024-01-08,"1785 points","Thomas Turgoose","This Is England","11 февраля 1992 г."
655,nm0001816,2024-01-08,2024-01-08,"1764 points","Robert Vaughn","The Magnificent Seven","22 ноября 1932 г."
656,nm0771713,2024-01-08,2024-01-08,"1757 points","Tom Schilling","Oh Boy","10 февраля 1982 г."
657,nm10574081,2024-03-11,2024-03-11,"1739 points","Andrew Barth Feldman","No Hard Feelings","7 мая 2002 г."
658,nm0000693,2024-01-08,2024-01-08,"1734 points","Peter Weller","RoboCop","24 июня 1947 г."
659,nm0159789,2024-01-08,2024-02-08,"1731 points","Hayden Christensen","Star Wars: Episode II - Attack of the Clones","19 апреля 1981 г."
660,nm1339223,2024-01-08,2024-01-08,"1724 points","Ty Simpkins","Jurassic World","6 августа 2001 г."
661,nm0000015,2024-01-08,2024-01-08,"1723 points","James Dean","East of Eden","8 февраля 1931 г."
662,nm0360598,2024-01-08,2024-01-08,"1723 points","Glen Hansard","Once","21 апреля 1970 г."
663,nm3886586,2024-01-08,2024-01-08,"1717 points","Diego Calva","Babylon","16 марта 1992 г."
664,nm0000961,2024-01-08,2024-01-08,"1709 points","Timothy Bottoms","The Last Picture Show","30 августа 1951 г."
665,nm1089991,2024-01-08,2024-01-08,"1695 points","Tom Hiddleston","The Avengers","9 февраля 1981 г."
666,nm0000347,2024-01-08,2024-01-08,"1683 points","Tim Curry","The Rocky Horror Picture Show","19 апреля 1946 г."
667,nm0803889,2024-01-08,2024-01-08,"1674 points","Bill Skarsgård","It","9 августа 1990 г."
668,nm0001471,2024-01-08,2024-01-08,"1668 points","Jerry Lewis","The Nutty Professor","16 марта 1926 г."
669,nm0244151,2024-01-08,2024-01-08,"1657 points","Romain Duris","De battre mon coeur s'est arrêté","28 мая 1974 г."
670,nm0001724,2024-01-08,2024-01-08,"1650 points","Tony Shalhoub","Monk","9 октября 1953 г."
671,nm0908153,2024-01-08,2024-01-08,"1637 points","Robert Walker","Strangers on a Train","13 октября 1918 г."
672,nm0432007,2024-01-08,2024-01-08,"1632 points","Curd Jürgens","The Spy Who Loved Me","13 декабря 1915 г."
673,nm0001811,2024-01-08,2024-01-08,"1616 points","Peter Ustinov","Spartacus","16 апреля 1921 г."
674,nm0000069,2024-01-08,2024-01-08,"1612 points","Frank Sinatra","From Here to Eternity","12 декабря 1915 г."
675,nm0001067,2024-01-08,2024-01-08,"1600 points","Jackie Coogan","Oliver Twist","26 октября 1914 г."
676,nm0684929,2024-01-08,2024-01-08,"1580 points","Roddy Piper","They Live","17 апреля 1954 г."
677,nm0001374,2024-01-08,2024-01-08,"1576 points","Jeffrey Hunter","The Searchers","25 ноября 1926 г."
678,nm0724732,2024-01-08,2024-01-08,"1573 points","Ralph Richardson","Doctor Zhivago","19 декабря 1902 г."
679,nm0404158,2024-01-08,2024-01-08,"1555 points","Walter Huston","The Treasure of the Sierra Madre","5 апреля 1883 г."
680,nm0000044,2024-01-08,2024-01-08,"1551 points","Burt Lancaster","From Here to Eternity","2 ноября 1913 г."
681,nm0001050,2024-01-08,2024-01-08,"1551 points","Montgomery Clift","From Here to Eternity","17 октября 1920 г."
682,nm0001699,2024-01-08,2024-01-08,"1541 points","Telly Savalas","Kojak","21 января 1922 г."
683,nm0000061,2024-01-08,2024-01-08,"1528 points","Tyrone Power","Witness for the Prosecution","5 мая 1914 г."
684,nm0543547,2024-01-08,2024-01-08,"1526 points","Predrag 'Miki' Manojlovic","Underground","5 апреля 1950 г."
685,nm0001703,2024-01-08,2024-01-08,"1524 points","Maximilian Schell","Judgment at Nuremberg","8 декабря 1930 г."
686,nm1374980,2024-03-11,2024-03-11,"1504 points","Zac Efron","High School Musical 3: Senior Year","18 октября 1987 г."
687,nm0000472,2024-01-08,2024-01-08,"1496 points","Boris Karloff","The Bride of Frankenstein","23 ноября 1887 г."
688,nm0000352,2024-01-08,2024-01-08,"1493 points","Vincent D'Onofrio","Men in Black","30 июня 1959 г."
689,nm0936353,2024-01-08,2024-01-08,"1490 points","Greg Wise","Sense and Sensibility","15 мая 1966 г."
690,nm0000036,2024-01-08,2024-01-08,"1489 points","Buster Keaton","The General","4 октября 1895 г."
691,nm0721073,2024-01-08,2024-01-08,"1484 points","Fernando Rey","Tristana","20 сентября 1917 г."
692,nm1569276,2024-01-08,2024-01-08,"1469 points","Chadwick Boseman","Black Panther","29 ноября 1976 г."
693,nm0001847,2024-01-08,2024-01-08,"1446 points","Richard Widmark","Kiss of Death","26 декабря 1914 г."
694,nm4150847,2024-01-08,2024-02-27,"1435 points","Stephan James","Race","16 декабря 1993 г."
695,nm0867694,2024-01-08,2024-01-08,"1427 points","Topol","Fiddler on the Roof","9 сентября 1935 г."
696,nm0005148,2024-01-08,2024-01-08,"1426 points","Delroy Lindo","Get Shorty","18 ноября 1952 г."
697,nm0557339,2024-01-08,2024-01-08,"1413 points","Raymond Massey","Arsenic and Old Lace","30 августа 1896 г."
698,nm0000763,2024-01-08,2024-01-08,"1392 points","Dana Andrews","Laura","1 января 1909 г."
699,nm4154798,2024-01-08,2024-01-08,"1391 points","Brenton Thwaites","Pirates of the Caribbean: Dead Men Tell No Tales","10 августа 1989 г."
700,nm3529685,2024-01-08,2024-01-08,"1390 points","Kumail Nanjiani","The Big Sick","2 мая 1978 г."
701,nm0000011,2024-01-08,2024-01-08,"1389 points","Gary Cooper","High Noon","7 мая 1901 г."
702,nm0273178,2024-01-08,2024-01-08,"1389 points","Fernando Fernán Gómez","El abuelo","28 августа 1921 г."
703,nm0001428,2024-01-08,2024-01-08,"1386 points","Klaus Kinski","Nosferatu - Phantom der Nacht","18 октября 1926 г."
704,nm0001283,2024-01-08,2024-01-08,"1370 points","Louis Gossett Jr.","An Officer and a Gentleman","27 мая 1936 г."
705,nm0451321,2024-01-08,2024-01-08,"1370 points","Shah Rukh Khan","Don 2","2 ноября 1965 г."
706,nm1946193,2024-01-08,2024-01-08,"1369 points","Jamie Dornan","The Fall","1 мая 1982 г."
707,nm0001354,2024-01-08,2024-01-08,"1369 points","Ciarán Hinds","Belfast","9 февраля 1953 г."
708,nm0666739,2024-01-08,2024-01-08,"1367 points","Aaron Paul","Breaking Bad","27 августа 1979 г."
709,nm3236159,2024-01-08,2024-01-08,"1367 points","Paul Walter Hauser","Cobra Kai","15 октября 1986 г."
710,nm0007217,2024-01-08,2024-01-08,"1365 points","Jack Carson","Cat on a Hot Tin Roof","27 октября 1910 г."
711,nm0900915,2024-01-08,2024-01-08,"1332 points","Jürgen Vogel","Die Welle","29 апреля 1968 г."
712,nm0726262,2024-01-08,2024-01-08,"1332 points","Max Riemelt","Napola - Elite für den Führer","7 января 1984 г."
713,nm0000886,2024-01-08,2024-01-08,"1330 points","Warren Beatty","Heaven Can Wait","30 марта 1937 г."
714,nm0002994,2024-01-08,2024-01-08,"1317 points","Kevin McCarthy","Invasion of the Body Snatchers","15 февраля 1914 г."
715,nm0001277,2024-02-06,2024-02-06,"1316 points","Scott Glenn","The Hunt for Red October","26 января 1939 г."
716,nm1035682,2024-03-09,2024-04-18,"1316 points","Derek Luke","Antwone Fisher","24 апреля 1974 г."
717,nm0286010,2024-01-08,2024-01-08,"1306 points","Ken Foree","Dawn of the Dead","29 февраля 1948 г."
718,nm0773308,2024-01-08,2024-01-08,"1305 points","Sebastian Urzendowsky","The Way Back","28 мая 1985 г."
719,nm0529543,2024-01-08,2024-01-08,"1299 points","Jean-Pierre Léaud","Les quatre cents coups","28 мая 1944 г."
720,nm0775180,2024-01-08,2024-01-08,"1298 points","Max Schreck","Nosferatu, eine Symphonie des Grauens","6 сентября 1879 г."
721,nm3092471,2024-01-08,2024-01-08,"1287 points","Marwan Kenzari","Aladdin","16 января 1983 г."
722,nm1654982,2024-03-09,2024-03-09,"1267 points","Teo Yoo","Past Lives","11 апреля 1981 г."
723,nm0226820,2024-01-08,2024-05-05,"1266 points","Stephen Dillane","The Hours","27 марта 1957 г."
724,nm0052023,2024-01-08,2024-01-08,"1237 points","Donatas Banionis","Solyaris","28 апреля 1924 г."
725,nm3081796,2024-01-08,2024-01-08,"1229 points","Steven Yeun","Minari","21 декабря 1983 г."
726,nm0000057,2024-01-08,2024-01-08,"1228 points","David Niven","Murder by Death","1 марта 1910 г."
727,nm0132257,2024-01-08,2024-01-08,"1222 points","Bruce Campbell","Bubba Ho-Tep","22 июня 1958 г."
728,nm0382830,2024-01-08,2024-01-08,"1222 points","Dan Hicks","Darkman","19 июля 1951 г."
729,nm0036427,2024-01-08,2024-01-08,"1219 points","Edward Arnold","You Can't Take It with You","18 февраля 1890 г."
730,nm0001434,2024-01-08,2024-01-08,"1219 points","Kris Kristofferson","Blade","22 июня 1936 г."
731,nm0000483,2024-01-08,2024-01-08,"1214 points","Christopher Lambert","Highlander","29 марта 1957 г."
732,nm0509264,2024-01-08,2024-01-08,"1208 points","Anders Danielsen Lie","Verdens verste menneske","1 января 1979 г."
733,nm0430107,2024-01-08,2024-01-08,"1200 points","Michael B. Jordan","Black Panther","9 февраля 1987 г."
734,nm8958770,2024-01-08,2024-01-08,"1189 points","Paul Mescal","All of Us Strangers","2 февраля 1996 г."
735,nm0835016,2024-02-05,2024-02-05,"1185 points","Mark Strong","1917","5 августа 1963 г."
736,nm0001719,2024-01-08,2024-01-08,"1175 points","George Segal","Who's Afraid of Virginia Woolf?","13 февраля 1934 г."
737,nm0827561,2024-01-09,2024-01-09,"1172 points","Maury Sterling","Coherence","1 сентября 1971 г."
738,nm0107183,2024-01-09,2024-01-09,"1172 points","Nicholas Brendon","Buffy the Vampire Slayer","12 апреля 1971 г."
739,nm0091899,2024-03-09,2024-03-09,"1160 points","Eric Bogosian","Talk Radio","24 апреля 1953 г."
740,nm0000491,2024-01-08,2024-01-08,"1160 points","John Leguizamo","Moulin Rouge!","22 июля 1960 г."
741,nm0700875,2024-01-08,2024-01-08,"1156 points","Om Puri","The Hundred-Foot Journey","18 октября 1950 г."
742,nm2110485,2024-01-08,2024-01-08,"1156 points","Manish Dayal","The Hundred-Foot Journey","17 июня"
743,nm4055138,2024-01-08,2024-01-08,"1147 points","Charlie Plummer","Looking for Alaska","24 мая 1999 г."
744,nm2240346,2024-01-08,2024-01-08,"1143 points","Kodi Smit-McPhee","Let Me In","13 июня 1996 г."
745,nm0000391,2024-01-08,2024-01-08,"1137 points","Rupert Everett","My Best Friend's Wedding","29 мая 1959 г."
746,nm3584268,2024-01-08,2024-01-08,"1123 points","James Norton","Little Women","18 июля 1985 г."
747,nm0412322,2024-01-08,2024-01-08,"1122 points","Burl Ives","The Big Country","14 июня 1909 г."
748,nm0722629,2024-01-08,2024-01-08,"1111 points","Matthew Rhys","A Beautiful Day in the Neighborhood","8 ноября 1974 г."
749,nm0065235,2024-01-08,2024-01-08,"1105 points","Michael Beck","The Warriors","4 февраля 1949 г."
750,nm0280559,2024-01-08,2024-01-08,"1102 points","Leo Fitzpatrick","Kids","10 августа 1978 г."
751,nm0682399,2024-01-08,2024-01-08,"1102 points","Justin Pierce","Kids","21 марта 1975 г."
752,nm0921459,2024-01-08,2024-01-08,"1093 points","Oskar Werner","Ship of Fools","13 ноября 1922 г."
753,nm0793784,2024-04-23,2024-04-23,"1089 points","Shin Ha-kyun","Boksuneun naui geot","30 мая 1974 г."
754,nm1296587,2024-01-08,2024-01-08,"1085 points","Robin de Jesus","tick, tick...BOOM!","21 августа 1984 г."
755,nm0880484,2024-01-08,2024-01-08,"1082 points","Gaspard Ulliel","Un long dimanche de fiançailles","25 ноября 1984 г."
756,nm0684500,2024-01-08,2024-01-08,"1081 points","Dominique Pinon","Delicatessen","4 марта 1955 г."
757,nm0241748,2024-01-08,2024-01-08,"1078 points","Dennis Dun","Big Trouble in Little China","19 апреля 1952 г."
758,nm0179173,2024-01-08,2024-01-08,"1075 points","John Corbett","My Big Fat Greek Wedding","9 мая 1961 г."
759,nm0785842,2024-01-08,2024-01-08,"1073 points","Toni Servillo","La grande bellezza","25 января 1959 г."
760,nm1405398,2024-01-08,2024-01-08,"1059 points","Dan Stevens","Downton Abbey","10 октября 1982 г."
761,nm0674782,2024-01-08,2024-01-08,"1056 points","Harold Perrineau","Romeo + Juliet","7 августа 1963 г."
762,nm0202970,2024-01-08,2024-01-08,"1054 points","Larry David","Whatever Works","2 июля 1947 г."
763,nm0002048,2024-01-08,2024-01-08,"1039 points","Melvyn Douglas","Being There","5 апреля 1901 г."
764,nm0000809,2024-01-08,2024-01-08,"1030 points","Daniel Auteuil","Caché","24 января 1950 г."
765,nm0518821,2024-01-08,2024-01-08,"1027 points","John Lone","The Last Emperor","13 октября 1952 г."
766,nm1676649,2024-01-08,2024-01-08,"1026 points","Nate Parker","The Birth of a Nation","18 ноября 1979 г."
767,nm1091701,2024-01-08,2024-01-08,"1026 points","Denzel Whitaker","The Great Debaters","15 июня 1990 г."
768,nm0133899,2024-01-08,2024-01-08,"1011 points","Guillaume Canet","Jeux d'enfants","10 апреля 1973 г."
769,nm1540404,2024-01-08,2024-01-08,"1004 points","Max Minghella","The Handmaid's Tale","16 сентября 1985 г."
770,nm1227232,2024-01-08,2024-01-08,"1000 points","Brady Corbet","Funny Games","17 августа 1988 г."
771,nm0002131,2024-01-08,2024-01-08,"984 points","Laurence Harvey","The Manchurian Candidate","1 октября 1928 г."
772,nm0748620,2024-01-08,2024-01-08,"979 points","Paul Rudd","Ant-Man","6 апреля 1969 г."
773,nm1064292,2024-01-08,2024-01-08,"979 points","Craig Roberts","Submarine","21 января 1991 г."
774,nm0000901,2024-01-08,2024-01-08,"975 points","Jean-Paul Belmondo","Pierrot le fou","9 апреля 1933 г."
775,nm0001322,2024-01-08,2024-01-08,"975 points","Rex Harrison","My Fair Lady","5 марта 1908 г."
776,nm0000469,2024-01-08,2024-01-08,"974 points","James Earl Jones","Rogue One","17 января 1931 г."
777,nm0000188,2024-01-08,2024-01-08,"972 points","Steve Martin","Roxanne","14 августа 1945 г."
778,nm0308039,2024-01-08,2024-01-08,"967 points","Louis Garrel","The Dreamers","14 июня 1983 г."
779,nm3115493,2024-02-07,2024-02-07,"965 points","Ben Schnetzer","Pride","8 февраля 1990 г."
780,nm0001113,2024-01-08,2024-01-08,"964 points","Brad Davis","Midnight Express","6 ноября 1949 г."
781,nm0289142,2024-01-08,2024-01-08,"959 points","Matthew Fox","Bone Tomahawk","14 июля 1966 г."
782,nm0582890,2024-01-08,2024-01-08,"955 points","Paul Meurisse","Les diaboliques","21 декабря 1912 г."
783,nm0509263,2024-01-08,2024-01-08,"946 points","Nikolaj Lie Kaas","Kvinden i buret","22 мая 1973 г."
784,nm0117368,2024-01-08,2024-01-08,"946 points","Lars Brygmann","Retfærdighedens ryttere","17 февраля 1957 г."
785,nm1410940,2024-01-08,2024-01-08,"945 points","Lily Franky","Manbiki kazoku","4 ноября 1963 г."
786,nm1281229,2024-01-08,2024-01-08,"933 points","Hugo Silva","El cuerpo","10 мая 1977 г."
787,nm0000987,2024-01-08,2024-01-08,"927 points","Jim Brown","Mars Attacks!","17 февраля 1936 г."
788,nm0001555,2024-01-08,2024-01-08,"927 points","Rob Morrow","Northern Exposure","21 сентября 1962 г."
789,nm0475165,2024-01-08,2024-01-08,"926 points","Jun Kunimura","Kill Bill: Vol. 1","16 ноября 1955 г."
790,nm0000865,2024-01-08,2024-01-08,"921 ponts","Richard Basehart","Moby Dick","31 августа 1914 г."
791,nm0148516,2024-01-08,2024-01-08,"913 points","Aleksey Serebryakov","Leviafan","3 июля 1964 г."
792,nm0535295,2024-01-08,2024-01-08,"913 points","Roman Madyanov","Leviafan","22 июля 1962 г."
793,nm1284690,2024-01-08,2024-01-08,"913 points","Vladimir Vdovichenkov","Leviafan","13 августа 1971 г."
794,nm3729612,2024-01-08,2024-01-08,"913 points","Aleksey Rozin","Nelyubov","4 февраля 1978 г."
795,nm2584860,2024-01-08,2024-01-08,"913 points","Yoo Ah-in","Yungnyong-i Nareusya","6 октября 1986 г."
796,nm3081796,2024-01-08,2024-01-08,"913 points","Steven Yeun","Minari","21 декабря 1983 г."
797,nm3841091,2024-01-08,2024-01-08,"908 points","Adarsh Gourav","The White Tiger","8 июля 1994 г."
798,nm3822770,2024-01-08,2024-01-08,"908 points","Rajkummar Rao","Shahid","31 августа 1984 г."
799,nm0430107,2024-01-08,2024-01-08,"906 points","Michael B. Jordan","Black Panther","9 февраля 1987 г."
800,nm0527002,2024-01-08,2024-01-08,"900 points","Federico Luppi","Cronos","23 февраля 1934 г."
801,nm3041056,2024-03-23,2024-03-23,"897 points","Christian Friedel","The Zone of Interest","9 марта 1979 г."
802,nm0869088,2024-01-08,2024-01-08,"894 points","Luis Tosar","Celda 211","13 октября 1971 г."
803,nm0728476,2024-01-08,2024-01-08,"889 points","Lazar Ristovski","Underground","26 октября 1952 г."
804,nm0061484,2024-01-08,2024-01-08,"884 points","Giuseppe Battiston","Perfetti sconosciuti","22 июля 1968 г."
805,nm0316074,2024-01-08,2024-01-08,"884 points","Marco Giallini","Perfetti sconosciuti","4 апреля 1963 г."
806,nm0000817,2024-01-08,2024-01-08,"877 points","Lew Ayres","Holiday","28 декабря 1908 г."
807,nm0000393,2024-01-08,2024-01-08,"869 points","Peter Falk","Columbo","16 сентября 1927 г."
808,nm0001970,2024-01-08,2024-01-08,"861 points","Klaus Maria Brandauer","Out of Africa","22 июня 1943 г."
809,nm0183822,2024-01-08,2024-01-08,"860 points","Tom Courtenay","45 Years","25 февраля 1937 г."
810,nm0676973,2024-01-08,2024-01-08,"860 points","William Petersen","CSI: Crime Scene Investigation","21 февраля 1953 г."
811,nm0001329,2024-01-08,2024-01-08,"840 points","Nigel Hawthorne","The Madness of King George","5 апреля 1929 г."
812,nm0470328,2024-01-08,2024-01-08,"837 points","Werner Krauss","Das Cabinet des Dr. Caligari","23 июня 1884 г."
813,nm4199420,2024-01-08,2024-01-08,"830 points","Aras Bulut Iynemli","Çukur","25 августа 1990 г."
814,nm3306943,2024-01-08,2024-01-08,"828 points","James Frecheville","Animal Kingdom","3 мая 1991 г."
815,nm3718007,2024-01-08,2024-01-08,"819 points","Jonathan Majors","The Harder They Fall","7 сентября 1989 г."
816,nm0001509,2024-01-08,2024-01-08,"818 points","Dean Martin","The Dean Martin Show","7 июня 1917 г."
817,nm0618057,2024-01-08,2024-01-08,"817 points","Ulrich Mühe","Das Leben der Anderen","20 июня 1953 г."
818,nm0559647,2024-01-08,2024-01-08,"814 points","Yutaka Matsushige","Shinobi","19 января 1963 г."
819,nm0545298,2024-01-08,2024-01-08,"808 points","Fredric March","Inherit the Wind","31 августа 1897 г."
820,nm0639563,2024-01-08,2024-01-08,"808 points","George O'Brien","Sunrise: A Song of Two Humans","19 апреля 1899 г."
821,nm0494078,2024-01-08,2024-01-08,"799 points","Samuel Le Bihan","Le pacte des loups","2 ноября 1965 г."
822,nm0753737,2024-01-08,2024-01-08,"799 points","Jérémie Renier","In Bruges","6 января 1981 г."
823,nm0006890,2024-01-08,2024-01-08,"792 points","Paul Scofield","A Man for All Seasons","21 января 1922 г."
824,nm0915840,2024-01-08,2024-01-08,"789 points","Dennis Weaver","Touch of Evil","4 июня 1924 г."
825,nm0667282,2024-01-08,2024-01-08,"785 points","Gastón Pauls","Nueve reinas","17 января 1972 г."
826,nm0952498,2024-01-08,2024-01-08,"760 points","Zbigniew Zamachowski","Trois couleurs: Blanc","17 июля 1961 г."
827,nm0301515,2024-01-08,2024-01-08,"760 points","Janusz Gajos","Trois couleurs: Blanc","23 сентября 1939 г."
828,nm0836136,2024-01-08,2024-01-08,"760 points","Jerzy Stuhr","Historie milosne","18 апреля 1947 г."
829,nm0001424,2024-01-08,2024-01-08,"756 points","Udo Kier","OD","14 октября"
830,nm0001117,2024-01-08,2024-01-08,"738 points","Bruce Davison","X-Men","28 июня 1946 г."
831,nm0911542,2024-01-08,2024-01-08,"738 points","Fred Ward","Short Cuts","30 декабря 1942 г."
832,nm0001606,2024-01-08,2024-01-08,"738 points","Chris Penn","Reservoir Dogs","10 октября 1965 г."
833,nm0001251,2024-01-08,2024-01-08,"738 points","Peter Gallagher","American Beauty","19 августа 1955 г."
834,nm0340926,2024-01-08,2024-01-08,"732 points","Helmut Griem","Cabaret","6 апреля 1932 г."
835,nm0734000,2024-01-08,2024-01-08,"730 points","Jean Rochefort","L'homme du train","29 апреля 1930 г."
836,nm0945131,2024-07-09,2024-07-09,"730 points","Koji Yakusho","Perfect Days","1 января 1956 г."
837,nm6722749,2024-01-08,2024-01-08,"730 points","Lucas Jade Zumann","20th Century Women","12 декабря 2000 г."
838,nm2412823,2024-01-08,2024-01-08,"729 points","Kim Yoon-seok","Chugyeokja","21 января 1968 г."
839,nm0007042,2024-01-08,2024-01-08,"728 points","Herbert Lom","The Pink Panther Strikes Again","11 сентября 1917 г."
840,nm0632689,2024-01-08,2024-01-08,"727 points","Hidetoshi Nishijima","Doraibu mai kâ","29 марта 1971 г."
841,nm0000747,2024-01-08,2024-01-08,"724 points","Don Ameche","Cocoon","31 мая 1908 г."
842,nm0000979,2024-01-08,2024-01-08,"724 points","Wilford Brimley","The Natural","27 сентября 1934 г."
843,nm0002025,2024-01-08,2024-01-08,"724 points","Hume Cronyn","Cocoon","18 июля 1911 г."
844,nm0001133,2024-01-08,2024-01-08,"724 points","Brian Dennehy","First Blood","9 июля 1938 г."
845,nm0318527,2024-01-08,2024-01-08,"724 points","Jack Gilford","Cocoon","25 июля 1908 г."
846,nm0000430,2024-01-08,2024-01-08,"724 points","Steve Guttenberg","Short Circuit","24 августа 1958 г."
847,nm0829032,2024-06-03,2024-06-03,"721 points","Ray Stevenson","The Three Musketeers","25 мая 1964 г."
848,nm4608165,2024-01-08,2024-01-08,"714 points","Antoine Olivier Pilon","Mommy","23 июня 1997 г."
849,nm0001831,2024-01-08,2024-01-08,"713 points","David Warner","Titanic","29 июля 1941 г."
850,nm0753479,2024-01-08,2024-01-08,"711 points","Chishû Ryû","Tôkyô monogatari","13 мая 1904 г."
851,nm0001418,2024-01-08,2024-01-08,"709 points","David Keith","An Officer and a Gentleman","8 мая 1954 г."
852,nm2580347,2024-01-08,2024-01-08,"706 points","The Marx Brothers","Duck Soup",
853,nm0001357,2024-01-08,2024-01-08,"700 points","Paul Hogan","Crocodile Dundee","8 октября 1939 г."
854,nm1587729,2024-01-08,2024-01-08,"700 points","Finn Wittrock","American Horror Story","28 октября 1984 г."
855,nm0147767,2024-01-08,2024-01-08,"695 points","Jakob Cedergren","Den skyldige","10 января 1973 г."
856,nm1030819,2024-01-08,2024-01-08,"695 points","Jae Hee","Bin-jip","25 мая 1980 г."
857,nm0524197,2024-04-18,2024-04-18,"693 points","Josh Lucas","Ford v Ferrari","20 июня 1971 г."
858,nm0719692,2024-01-08,2024-01-08,"683 points","Michael Rennie","The Day the Earth Stood Still","25 августа 1909 г."
859,nm3510471,2024-01-08,2024-01-08,"682 points","Sam Claflin","Snow White and the Huntsman","27 июня 1986 г."
860,nm4207146,2024-01-08,2024-01-08,"676 points","Jason Mitchell","Straight Outta Compton","5 января 1987 г."
861,nm3779182,2024-01-08,2024-01-08,"658 points","Chino Darín","La noche de 12 años","14 января 1989 г."
862,nm0349522,2024-01-08,2024-01-08,"658 points","Javier Gutiérrez","La isla mínima","17 января 1971 г."
863,nm1486647,2024-01-08,2024-01-08,"658 points","Álvaro Morte","La casa de papel","23 февраля 1975 г."
864,nm0001314,2024-01-08,2024-01-08,"646 points","John Hannah","Four Weddings and a Funeral","23 апреля 1962 г."
865,nm0001487,2024-01-08,2024-01-08,"646 points","John Lynch","Black Death","26 декабря 1961 г."
866,nm0714878,2024-01-08,2024-01-08,"640 points","Michael Redgrave","The Lady Vanishes","20 марта 1908 г."
867,nm0598971,2024-01-08,2024-01-08,"639 points","Yves Montand","Jean de Florette","13 октября 1921 г."
868,nm0960379,2024-01-08,2024-01-08,"635 points","Birol Ünel","Gegen die Wand","18 августа 1961 г."
869,nm0954225,2024-01-08,2024-01-08,"635 points","Kevin Zegers","Transamerica","19 сентября 1984 г."
870,nm0000141,2024-01-08,2024-01-08,"629 points","David Duchovny","The X Files","7 августа 1960 г."
871,nm0431139,2024-01-08,2024-01-08,"627 points","Louis Jourdan","Octopussy","19 июня 1921 г."
872,nm0703033,2024-01-08,2024-01-08,"625 points","Anthony Quayle","Lawrence of Arabia","7 сентября 1913 г."
873,nm0000708,2024-01-08,2024-01-08,"625 points","Billy Zane","Titanic","24 февраля 1966 г."
874,nm0232196,2024-01-08,2024-01-08,"612 points","Robert Donat","The 39 Steps","18 марта 1905 г."
875,nm3718007,2024-01-08,2024-01-08,"607 points","Jonathan Majors","The Harder They Fall","7 сентября 1989 г."
876,nm0038355,2024-01-08,2024-01-08,"607 points","Tadanobu Asano","Mongol","27 ноября 1973 г."
877,nm0926183,2024-01-08,2024-01-08,"603 points","Stuart Whitman","The Comancheros","1 февраля 1928 г."
878,nm0001958,2024-01-08,2024-01-08,"601 points","Dirk Bogarde","The Servant","28 марта 1921 г."
879,nm1796057,2024-01-08,2024-01-08,"600 points","Max Irons","Condor","17 октября 1985 г."
880,nm4453291,2024-01-08,2024-01-08,"600 points","Franz Rogowski","Transit","2 февраля 1986 г."
881,nm0000509,2024-01-08,2024-01-08,"598 points","Bela Lugosi","Dracula","20 октября 1882 г."
882,nm1270590,2024-01-08,2024-01-08,"595 points","Andreas Wilson","Ondskan","7 марта 1981 г."
883,nm0526616,2024-01-08,2024-01-08,"595 points","Henrik Lundström","Bron/Broen","13 декабря 1983 г."
884,nm0001252,2024-01-08,2024-01-08,"593 points","Vincent Gallo","Buffalo '66","11 апреля 1961 г."
885,nm0001224,2024-01-08,2024-01-08,"589 points","Errol Flynn","The Adventures of Robin Hood","20 июня 1909 г."
886,nm0001651,2024-01-08,2024-01-08,"589 points","Basil Rathbone","The Adventures of Robin Hood","13 июня 1892 г."
887,nm0453448,2024-01-08,2024-01-08,"589 points","Kim Kap-su","Janghwa, Hongryeon","7 апреля 1957 г."
888,nm0001128,2024-01-08,2024-01-08,"588 points","Alain Delon","Le samouraï","8 ноября 1935 г."
889,nm0000681,2024-01-08,2024-01-08,"588 points","Vince Vaughn","The Break-Up","28 марта 1970 г."
890,nm0916067,2024-01-08,2024-01-08,"584 points","Clifton Webb","Laura","19 ноября 1889 г."
891,nm0001637,2024-01-08,2024-01-08,"584 points","Vincent Price","The Abominable Dr. Phibes","27 мая 1911 г."
892,nm0253216,2024-01-08,2024-01-08,"584 points","Karra Elejalde","Los cronocrímenes","10 октября 1960 г."
893,nm0731772,2024-01-08,2024-01-08,"581 points","Cliff Robertson","Spider-Man","9 сентября 1923 г."
894,nm1024677,2024-01-08,2024-01-08,"574 points","John Krasinski","Jack Ryan","20 октября 1979 г."
895,nm3140538,2024-01-08,2024-01-08,"572 points","Mikkel Boe Følsgaard","En kongelig affære","1 мая 1984 г."
896,nm4221607,2024-01-08,2024-01-08,"571 points","Dawid Ogrodnik","Cicha noc","15 июня 1986 г."
897,nm0001454,2024-01-08,2024-01-08,"570 points","Martin Lawrence","Martin","16 апреля 1965 г."
898,nm0205127,2024-01-08,2024-01-08,"570 points","Matthew Davis","Legally Blonde","8 мая 1978 г."
899,nm0681566,2024-01-08,2024-01-08,"564 points","Michel Piccoli","Le mépris","27 декабря 1925 г."
900,nm1914298,2024-01-08,2024-01-08,"563 points","Pål Sverre Hagen","Kraftidioten","6 ноября 1980 г."
901,nm0471601,2024-01-08,2024-01-08,"563 points","Anders Baasmo","Kon-Tiki","29 января 1976 г."
902,nm0617852,2024-01-08,2024-01-08,"560 points","Wotan Wilke Möhring","Pandorum","23 мая 1967 г."
903,nm1946193,2024-01-08,2024-01-08,"558 points","Jamie Dornan","The Fall","1 мая 1982 г."
904,nm0000896,2024-01-08,2024-01-08,"554 points","Harry Belafonte","Bobby","1 марта 1927 г."
905,nm0508293,2024-01-08,2024-01-08,"546 points","Thierry Lhermitte","Le dîner de cons","24 ноября 1952 г."
906,nm0898317,2024-01-08,2024-01-08,"546 points","Jacques Villeret","Le dîner de cons","6 февраля 1951 г."
907,nm0277424,2024-01-08,2024-01-08,"544 points","Jon Finch","Frenzy","2 марта 1942 г."
908,nm0856050,2024-01-08,2024-01-08,"538 points","Nigel Terry","Excalibur","15 августа 1945 г."
909,nm0000852,2024-01-08,2024-01-08,"536 points","Jean-Marc Barr","Le grand bleu","27 сентября 1960 г."
910,nm2092835,2024-01-08,2024-01-08,"536 points","Tom Payne","Prodigal Son","21 декабря 1982 г."
911,nm0553648,2024-01-08,2024-01-08,"536 points","Olivier Martinez","Unfaithful","12 января 1966 г."
912,nm0800638,2024-01-08,2024-01-08,"533 points","Peter Simonischek","Toni Erdmann","6 августа 1946 г."
913,nm1955257,2024-01-08,2024-01-08,"531 points","Lars Eidinger","Clouds of Sils Maria","21 января 1976 г."
914,nm1292111,2024-01-08,2024-01-08,"527 points","Asier Etxeandia","Dolor y gloria","27 июня 1975 г."
915,nm1741002,2024-01-08,2024-01-08,"522 points","Matt Smith","Doctor Who","28 октября 1982 г."
916,nm0350324,2024-01-08,2024-01-08,"515 points","Edmund Gwenn","Miracle on 34th Street","26 сентября 1877 г."
917,nm0668361,2024-01-08,2024-01-08,"515 points","John Payne","Miracle on 34th Street","28 мая 1912 г."
918,nm8822933,2024-01-08,2024-01-08,"508 points","Richie Merritt","White Boy Rick",
919,nm0557908,2024-01-08,2024-01-08,"507 points","Oliver Masucci","Dark","6 декабря 1968 г."
920,nm0378698,2024-01-08,2024-01-08,"507 points","Christoph Maria Herbst","Stromberg","9 февраля 1966 г."
921,nm0885203,2024-01-08,2024-01-08,"504 points","Raf Vallone","The Italian Job","17 февраля 1916 г."
922,nm0509583,2024-01-08,2024-01-08,"502 points","Jan Josef Liefers","Tatort","8 августа 1964 г."
